Date,temperature,humidity,wind_speed,pressure,Weather Condition
2023-01-01,-0.22780738092998123,-1.4328342210384204,1.566683388299951,-1.4921847642284372,Cloudy
2023-01-02,0.31679549004774094,1.5829420530010976,0.049741580218485265,-0.031263710548747915,Cloudy
2023-01-03,-1.2158725897038487,1.4856589473869195,0.24376902078704474,-1.0539084481245302,Partly Cloudy
2023-01-04,1.0792395094165521,0.026412363174249637,0.27904673725405577,-1.2000005534924991,Snowy
2023-01-05,-1.2003125076759138,-0.36272005928246237,1.0551564995282936,-1.3947900273164577,Clear
2023-01-06,-0.4223084062791677,1.2424511833514746,-0.602896174421215,1.6244468169548998,Overcast
2023-01-07,-1.7526954196676034,-0.16815384805410635,-1.4319225113959695,-0.32344792128468575,Cloudy
2023-01-08,-1.3792534509971655,1.4370173945798306,1.6195999630004667,-1.638276869596406,Stormy
2023-01-09,1.3515409449054132,1.6802251586152757,0.6318239019241639,-1.1513031850365096,Overcast
2023-01-10,-1.1614123026060765,-0.5572862705108184,0.8082124842592181,-1.5895795011404164,Stormy
2023-01-11,-0.4223084062791677,0.9506018665089406,0.5789073272236476,-1.346092658860468,Stormy
2023-01-12,-0.4378684883071026,0.9019603137018516,1.5314056718329396,-0.8104216058445821,Sunny
2023-01-13,1.4604615191009576,1.6802251586152757,0.3319633119545718,0.6991968162910966,Rainy
2023-01-14,0.9858790172489427,-0.5572862705108184,0.7376570513251964,0.9426836585710449,Clear
2023-01-15,1.0169991813048123,1.2910927361585636,-0.09136928564955815,-0.6643295004766132,Overcast
2023-01-16,1.0403393043467148,-0.26543695366828435,0.17321358785302302,0.9426836585710449,Sunny
2023-01-17,1.3048606988216083,0.07505391598133863,0.9669622083607665,0.21222313173120028,Partly Cloudy
2023-01-18,-1.0447116873965645,0.8533187608947627,-1.4495613696294747,0.7478941847470862,Partly Cloudy
2023-01-19,-0.31338783208362325,1.6802251586152757,-1.1673396378933882,-0.7617242373885925,Clear
2023-01-20,0.46461626931312283,1.0965265249302076,-1.0438676302588503,-0.2747505528286961,Cloudy
2023-01-21,-0.8657707440753128,1.0478849721231187,-0.5852573161877095,-0.031263710548747915,Stormy
2023-01-22,1.51492180619873,0.7560356552805846,-0.1090081438830635,1.0400783954830242,Cloudy
2023-01-23,-0.7879703339356383,-0.26543695366828435,0.19085244608652868,1.6244468169548998,Sunny
2023-01-24,-1.698235132569831,-1.6760419850738653,-1.0085899137918395,0.5044073424671381,Partly Cloudy
2023-01-25,1.3048606988216083,1.5343005001940087,-1.1673396378933882,-1.0052110796685407,Snowy
2023-01-26,-0.850210662047378,0.7073941024734957,0.9316844918937559,-1.4921847642284372,Snowy
2023-01-27,-0.3989682832372653,0.5614694440522287,-1.379005936695453,1.57574944849891,Stormy
2023-01-28,-1.612654681416189,-1.6274004322667763,1.7077942541679938,1.2348678693069826,Partly Cloudy
2023-01-29,0.1845347928102942,0.4641863384380506,-1.5553945190305072,-0.9078163427565614,Cloudy
2023-01-30,1.1570399195562266,-1.4814757738455093,-0.2853967262181176,1.4783547115869309,Rainy
2023-01-31,-1.1302921385502065,0.5128278912451396,-1.5377556607970018,0.7478941847470862,Cloudy
2023-02-01,0.5890969255366021,-0.5572862705108184,1.7254331124014994,-0.6643295004766132,Snowy
2023-02-02,-0.22002733991601367,0.26962012720969464,1.0022399248277776,-0.5182373951086443,Snowy
2023-02-03,0.3634757361315458,-0.21679540086119536,-0.12664700211656885,0.06613102636323136,Rainy
2023-02-04,0.7680378688578536,0.41554478563096164,-1.4495613696294747,1.721841553866879,Sunny
2023-02-05,1.2893006167936738,-0.26543695366828435,1.0022399248277776,-1.2486979219484888,Overcast
2023-02-06,1.2426203707098689,-0.11951229524701736,-1.0438676302588503,1.1374731323950034,Clear
2023-02-07,0.5735368435086672,0.7073941024734957,1.2491839400968534,-0.6643295004766132,Sunny
2023-02-08,0.7524777868299188,-0.16815384805410635,0.26140787902055007,-0.031263710548747915,Clear
2023-02-09,0.30901544903377365,-1.4814757738455093,0.8611290589597341,1.4783547115869309,Partly Cloudy
2023-02-10,0.7213576227740488,0.9992434193160297,-1.6788665266650453,-1.5408821326844266,Snowy
2023-02-11,-0.25892754498585097,-1.1409849041958864,-0.8498401896902907,-0.46954002665265465,Overcast
2023-02-12,-0.009966232538892308,-0.8977771401604413,1.0904342159953047,1.6244468169548998,Clear
2023-02-13,-1.5815345173603192,1.3397342889656527,-0.26775786798461226,-0.031263710548747915,Overcast
2023-02-14,0.3012354080198061,0.8046772080876736,0.31432445372106643,1.1374731323950034,Snowy
2023-02-15,1.1881600836120965,-1.5301173266525983,0.03210272198497992,-1.4921847642284372,Clear
2023-02-16,0.5268565974248623,0.17233702159551664,0.34960217018807715,-0.5669347635646339,Sunny
2023-02-17,-0.7023898827819963,-1.5301173266525983,0.772934767792207,1.3809599746749517,Overcast
2023-02-18,-0.49232877540487474,1.0478849721231187,-0.9556733390913232,-1.4434873957724474,Snowy
2023-02-19,-0.0021861915249247366,1.2424511833514746,-1.0967842049593666,1.6244468169548998,Clear
2023-02-20,-0.7957503749496058,-1.6274004322667763,-0.1795635768170852,-0.9078163427565614,Clear
2023-02-21,1.4371213960590554,-1.5787588794596874,-1.5906722354975182,-0.46954002665265465,Sunny
2023-02-22,-1.3481332869412954,0.3669032328238726,0.8258513424927234,-1.2973952904044785,Rainy
2023-02-23,0.5657568024946996,0.026412363174249637,0.8964067754267452,-0.3721452897406754,Rainy
2023-02-24,0.9002985660953005,1.6802251586152757,-0.7440070402892582,1.1374731323950034,Clear
2023-02-25,-0.19668721687411136,1.0478849721231187,0.4554353195891099,1.2835652377629723,Partly Cloudy
2023-02-26,-0.6012493496004192,1.5829420530010976,-0.2148412932840959,0.796591553203076,Sunny
2023-02-27,1.0558993863746498,0.8533187608947627,1.2139062236298428,-0.3721452897406754,Rainy
2023-02-28,1.6238423803942743,-0.41136161208955135,-0.1442858603500742,1.332262606218962,Cloudy
2023-03-01,-0.920231031173085,1.2424511833514746,1.6901553959344886,-1.4434873957724474,Snowy
2023-03-02,0.9625388942070402,0.026412363174249637,0.34960217018807715,-1.6869742380523955,Stormy
2023-03-03,-0.7957503749496058,0.22097857440260563,1.2491839400968534,0.01743365790724172,Cloudy
2023-03-04,1.5460419702545998,-1.2869095626171534,-0.19720243505059057,1.0887757639390137,Sunny
2023-03-05,-0.5934693085864517,-1.5787588794596874,-0.3735910173856447,-0.956513711212551,Sunny
2023-03-06,-0.40674832425123275,-1.2869095626171534,-1.0085899137918395,-0.7130268689326028,Overcast
2023-03-07,0.3245755310617085,-1.4328342210384204,-0.44414645031966626,0.3583152370991692,Clear
2023-03-08,0.16897471078235932,0.26962012720969464,1.7077942541679938,0.40701260555515884,Snowy
2023-03-09,-1.6748950095279287,0.6587525496664066,0.15557472961951768,1.6244468169548998,Stormy
2023-03-10,-1.138072179564174,0.3669032328238726,1.4608502388989182,0.6018020793791173,Cloudy
2023-03-11,0.38681585917344824,-0.16815384805410635,1.76071082886851,-0.8104216058445821,Sunny
2023-03-12,-1.223652630717816,-1.5787588794596874,1.6019611047669617,1.0400783954830242,Rainy
2023-03-13,-1.1458522205781414,1.2424511833514746,1.019878783061283,1.3809599746749517,Rainy
2023-03-14,0.978098976234975,-0.9950602457746194,0.5259907525231312,-0.3721452897406754,Partly Cloudy
2023-03-15,0.0678341776007823,-1.7246835378809544,1.3550170894978855,-0.6643295004766132,Stormy
2023-03-16,1.219280247667966,-1.4814757738455093,-0.5852573161877095,-1.6869742380523955,Clear
2023-03-17,-0.5856892675724844,-1.1896264570029753,-1.0438676302588503,-1.3947900273164577,Stormy
2023-03-18,1.6471825034361764,0.9019603137018516,1.654877679467478,-0.420842658196665,Clear
2023-03-19,0.6435572126343743,0.7560356552805846,1.6901553959344886,1.4296573431309412,Stormy
2023-03-20,0.5579767614807323,0.4641863384380506,1.1786285071628313,-0.6643295004766132,Partly Cloudy
2023-03-21,-0.96691127725689,-0.46000316489664034,0.34960217018807715,-0.2747505528286961,Snowy
2023-03-22,-1.6671149685139612,-0.11951229524701736,-0.23248015151760126,-1.2000005534924991,Snowy
2023-03-23,-0.4534285703350375,-1.2382680098100642,0.19085244608652868,0.30961786864317953,Clear
2023-03-24,0.8691784020394308,0.3182616800167836,-0.12664700211656885,-0.5182373951086443,Overcast
2023-03-25,0.7913779918997561,1.1938096305443857,1.743071970635005,0.6018020793791173,Partly Cloudy
2023-03-26,1.211500206653999,1.3397342889656527,-1.4319225113959695,-0.7130268689326028,Stormy
2023-03-27,-0.7801902929216709,-1.2869095626171534,-0.6910904655887421,-0.8591189743005717,Cloudy
2023-03-28,-1.0680518104384669,0.7560356552805846,-0.8674790479237962,-0.1286584474607272,Cloudy
2023-03-29,-0.22780738092998123,1.0965265249302076,0.49071303605612054,0.26092050018718993,Partly Cloudy
2023-03-30,0.04449405455887986,0.17233702159551664,0.5789073272236476,-1.2000005534924991,Snowy
2023-03-31,-1.2158725897038487,-1.3355511154242423,-0.9380344808578177,1.5270520800429206,Rainy
2023-04-01,-0.8891108671172153,0.9506018665089406,-0.44414645031966626,-0.7617242373885925,Cloudy
2023-04-02,0.2623352029499688,-0.7518524817391744,-1.0615064884923557,1.0400783954830242,Snowy
2023-04-03,0.46461626931312283,0.6101109968593176,0.17321358785302302,0.01743365790724172,Stormy
2023-04-04,1.5227018472126974,0.8046772080876736,-0.16192471858357954,1.3809599746749517,Overcast
2023-04-05,-1.1536322615921089,0.6587525496664066,1.2315450818633478,0.114828394819221,Partly Cloudy
2023-04-06,0.8847384840673655,-0.9950602457746194,0.9669622083607665,0.01743365790724172,Cloudy
2023-04-07,0.9314187301511705,-0.46000316489664034,-1.0438676302588503,-1.2973952904044785,Clear
2023-04-08,-1.254772794773686,0.8046772080876736,0.8611290589597341,-1.638276869596406,Stormy
2023-04-09,0.908078607109268,-0.9464186929675303,1.0551564995282936,-1.0052110796685407,Partly Cloudy
2023-04-10,-1.744915378653636,0.41554478563096164,-0.9733121973248285,0.650499447835107,Partly Cloudy
2023-04-11,1.4449014370730229,-1.2382680098100642,-0.1442858603500742,0.30961786864317953,Rainy
2023-04-12,0.1845347928102942,-0.31407850647537333,-0.39122987561915,-0.6643295004766132,Snowy
2023-04-13,-0.6634896777121589,-1.4814757738455093,-0.5323407414871933,-0.420842658196665,Rainy
2023-04-14,0.9625388942070402,0.8046772080876736,1.0551564995282936,1.6731441854108895,Stormy
2023-04-15,-0.3756281601953629,0.5128278912451396,1.2491839400968534,-1.10260581658052,Cloudy
2023-04-16,0.9002985660953005,-0.31407850647537333,0.3319633119545718,-1.5895795011404164,Sunny
2023-04-17,1.3515409449054132,1.3883758417727416,-0.5147018832536879,-0.1286584474607272,Partly Cloudy
2023-04-18,1.5538220112685672,-0.022229189632839364,-1.0967842049593666,0.5531047109231277,Rainy
2023-04-19,0.8925185250813331,0.4641863384380506,-1.0967842049593666,0.01743365790724172,Stormy
2023-04-20,0.33235557207567584,1.5343005001940087,1.743071970635005,-1.6869742380523955,Partly Cloudy
2023-04-21,1.51492180619873,-1.7246835378809544,0.6494627601576693,0.114828394819221,Stormy
2023-04-22,0.42571606424328556,-0.31407850647537333,1.0727953577617992,0.8452889216590656,Overcast
2023-04-23,0.3401356130896434,1.3397342889656527,-0.4088687338526554,0.16352576327521062,Stormy
2023-04-24,1.1181397144863894,1.1451680777372966,-0.3559521591521392,-0.5182373951086443,Clear
2023-04-25,0.7991580329137234,-0.07087074243992836,-0.07373042741605249,0.40701260555515884,Rainy
2023-04-26,-0.38340820120933045,-0.46000316489664034,1.5137668135994347,-0.1286584474607272,Clear
2023-04-27,1.2504004117238363,0.7073941024734957,-0.3383133009186338,-1.4434873957724474,Overcast
2023-04-28,-0.5856892675724844,-1.0437017985817083,-0.46178530855317174,-0.420842658196665,Snowy
2023-04-29,-0.7646302108937358,0.07505391598133863,-0.5323407414871933,1.4296573431309412,Cloudy
2023-04-30,1.211500206653999,0.8533187608947627,-0.9203956226243124,0.5044073424671381,Rainy
2023-05-01,0.5268565974248623,-0.16815384805410635,-0.4265075920861609,1.0887757639390137,Stormy
2023-05-02,0.3790358181594807,0.3669032328238726,0.7023793348581854,0.26092050018718993,Stormy
2023-05-03,-1.6437748454720589,1.3397342889656527,-0.9027567643908071,1.332262606218962,Cloudy
2023-05-04,-0.14222692977633908,0.6101109968593176,-0.23248015151760126,-0.5669347635646339,Clear
2023-05-05,-1.2858929588295556,-1.3355511154242423,0.27904673725405577,-0.7617242373885925,Stormy
2023-05-06,-1.1769723846340112,0.7073941024734957,-0.3735910173856447,0.9426836585710449,Overcast
2023-05-07,-0.6557096366981915,1.2910927361585636,-0.5323407414871933,-1.2973952904044785,Snowy
2023-05-08,1.5071417651847623,-0.022229189632839364,1.672516537700983,-1.2000005534924991,Cloudy
2023-05-09,0.5890969255366021,-1.0923433513887972,-0.1442858603500742,1.186170500850993,Partly Cloudy
2023-05-10,-1.1302921385502065,-1.1409849041958864,1.6019611047669617,0.30961786864317953,Cloudy
2023-05-11,-0.9435711542149875,-0.5086447177037293,1.7959885453355209,-1.10260581658052,Stormy
2023-05-12,0.15341462875442446,-0.6059278233179074,-0.303035584451623,0.9913810270270345,Rainy
2023-05-13,-1.3870334920111327,1.3883758417727416,-1.0438676302588503,0.01743365790724172,Partly Cloudy
2023-05-14,-0.9824713592848248,0.4641863384380506,-1.414283653162464,-1.346092658860468,Overcast
2023-05-15,-1.5037341072206445,-0.8004940345462633,1.672516537700983,0.3583152370991692,Rainy
2023-05-16,1.1181397144863894,0.4641863384380506,-1.1849784961268937,-0.46954002665265465,Sunny
2023-05-17,0.2234349978801315,1.2910927361585636,-1.46720022786298,-1.4434873957724474,Snowy
2023-05-18,-0.5934693085864517,-0.46000316489664034,-0.4794241667866771,0.21222313173120028,Stormy
2023-05-19,1.1414798375282915,-0.7518524817391744,-0.9556733390913232,0.01743365790724172,Overcast
2023-05-20,-0.5078888574328098,-0.26543695366828435,0.31432445372106643,-0.6643295004766132,Snowy
2023-05-21,0.8380582379835607,-0.21679540086119536,0.49071303605612054,0.650499447835107,Rainy
2023-05-22,-1.052491728410532,1.5829420530010976,-1.6083110937310234,-0.8104216058445821,Sunny
2023-05-23,-0.4767686933769399,-1.4814757738455093,-0.5499795997206988,-1.2486979219484888,Snowy
2023-05-24,-1.6204347224301565,-0.8977771401604413,0.22613016255353938,0.30961786864317953,Cloudy
2023-05-25,-1.3870334920111327,-0.11951229524701736,-0.44414645031966626,0.40701260555515884,Overcast
2023-05-26,-1.340353245927328,1.0478849721231187,0.3319633119545718,1.4783547115869309,Rainy
2023-05-27,-1.4337137380949376,1.4856589473869195,-0.7087293238222474,-0.7130268689326028,Sunny
2023-05-28,0.23121503889409906,1.3397342889656527,-0.2853967262181176,-0.17735581591671684,Stormy
2023-05-29,-1.052491728410532,-0.26543695366828435,1.2668227983303584,-1.0052110796685407,Cloudy
2023-05-30,0.19231483382426176,1.2910927361585636,0.4025187448885935,1.3809599746749517,Stormy
2023-05-31,-1.6826750505418961,-1.1409849041958864,-0.16192471858357954,0.06613102636323136,Snowy
2023-06-01,1.5538220112685672,-0.36272005928246237,-0.4265075920861609,-0.07996107900473755,Clear
2023-06-02,-0.7879703339356383,0.3182616800167836,1.0375176412947882,-0.3721452897406754,Sunny
2023-06-03,0.7369177048019839,-0.5572862705108184,-0.8851179061573016,-0.420842658196665,Partly Cloudy
2023-06-04,0.46461626931312283,0.9992434193160297,-1.5377556607970018,-0.22605318437270647,Cloudy
2023-06-05,-0.9902514002987922,0.9992434193160297,0.06738043845199061,1.4296573431309412,Rainy
2023-06-06,-1.3481332869412954,1.0965265249302076,0.720018193091691,1.1374731323950034,Snowy
2023-06-07,0.2545551619360012,0.026412363174249637,0.34960217018807715,0.650499447835107,Stormy
2023-06-08,-0.1266668477484042,-1.2869095626171534,-1.4848390860964855,0.796591553203076,Stormy
2023-06-09,-0.850210662047378,0.17233702159551664,-1.5906722354975182,1.721841553866879,Rainy
2023-06-10,0.908078607109268,-1.6274004322667763,-1.5553945190305072,-0.956513711212551,Clear
2023-06-11,-1.7604754606815707,-1.6760419850738653,-1.5553945190305072,-1.638276869596406,Sunny
2023-06-12,1.0403393043467148,-0.022229189632839364,1.3197393730308749,0.4557099740111485,Snowy
2023-06-13,0.16119466976839175,-0.8004940345462633,1.1433507906958207,-0.2747505528286961,Clear
2023-06-14,0.021153931516977423,-0.9464186929675303,0.8611290589597341,0.16352576327521062,Cloudy
2023-06-15,0.9002985660953005,0.3669032328238726,0.8258513424927234,-1.0539084481245302,Snowy
2023-06-16,0.9236386891372029,-1.6274004322667763,-0.602896174421215,0.30961786864317953,Sunny
2023-06-17,0.20787491585219664,1.5829420530010976,-0.4265075920861609,0.30961786864317953,Sunny
2023-06-18,0.620217089592472,0.9019603137018516,1.7959885453355209,0.4557099740111485,Sunny
2023-06-19,-1.7293552966257009,0.4641863384380506,-1.4495613696294747,-0.22605318437270647,Sunny
2023-06-20,-0.30560779106965585,0.5128278912451396,-1.0438676302588503,-0.07996107900473755,Partly Cloudy
2023-06-21,-0.17334709383220895,-0.36272005928246237,-0.5147018832536879,0.5531047109231277,Overcast
2023-06-22,-0.9980314413127597,0.12369546878842763,-1.714144243132056,-0.8104216058445821,Overcast
2023-06-23,0.34791565410361097,0.07505391598133863,-0.32067444268512835,-1.0052110796685407,Cloudy
2023-06-24,0.013373890503010128,-0.6059278233179074,1.0727953577617992,0.9426836585710449,Rainy
2023-06-25,-1.3792534509971655,-0.7518524817391744,0.26140787902055007,-0.7617242373885925,Stormy
2023-06-26,-1.4648339021508072,0.9019603137018516,-0.5852573161877095,1.57574944849891,Rainy
2023-06-27,1.4838016421428601,0.5614694440522287,1.0551564995282936,1.1374731323950034,Rainy
2023-06-28,-1.239212712745751,0.12369546878842763,-1.6612276684315395,0.9913810270270345,Snowy
2023-06-29,1.6860827085060137,-1.5787588794596874,0.9316844918937559,-0.32344792128468575,Stormy
2023-06-30,1.4915816831568272,-0.5572862705108184,-1.0085899137918395,1.3809599746749517,Partly Cloudy
2023-07-01,-0.8268705390054756,-0.31407850647537333,1.3373782312643805,-0.8104216058445821,Rainy
2023-07-02,1.3437609038914455,-0.07087074243992836,-1.5377556607970018,-0.9078163427565614,Stormy
2023-07-03,1.1648199605701943,0.5614694440522287,1.496127955365929,0.5531047109231277,Stormy
2023-07-04,1.4449014370730229,1.2424511833514746,-1.4319225113959695,0.6991968162910966,Overcast
2023-07-05,0.3712557771455131,-1.3841926682313312,-0.16192471858357954,-1.638276869596406,Rainy
2023-07-06,-0.577909226558517,0.8533187608947627,-1.5201168025634966,0.796591553203076,Clear
2023-07-07,0.005593849489042558,0.8046772080876736,-1.2555339290609153,-1.5895795011404164,Rainy
2023-07-08,-0.5390090214886797,1.3397342889656527,1.0551564995282936,-0.5669347635646339,Stormy
2023-07-09,-1.2080925486898813,-0.7518524817391744,-1.1849784961268937,0.21222313173120028,Sunny
2023-07-10,-0.1655670528182415,-1.0923433513887972,-0.03845271094904179,0.6018020793791173,Overcast
2023-07-11,0.6980174997321467,1.4856589473869195,1.4255725224319076,-0.5182373951086443,Clear
2023-07-12,-0.4534285703350375,-0.5572862705108184,-1.6965053848985505,-0.420842658196665,Snowy
2023-07-13,1.219280247667966,0.6587525496664066,1.2315450818633478,0.9913810270270345,Cloudy
2023-07-14,0.7446977458159513,-1.4814757738455093,-1.414283653162464,-0.420842658196665,Stormy
2023-07-15,0.5968769665505697,0.7560356552805846,0.9669622083607665,-0.46954002665265465,Snowy
2023-07-16,1.3671010269333483,-1.6760419850738653,0.3319633119545718,0.7478941847470862,Clear
2023-07-17,-0.7801902929216709,0.9992434193160297,1.10807307422881,-1.4921847642284372,Clear
2023-07-18,-0.33672795512552556,-0.8977771401604413,1.0375176412947882,-0.2747505528286961,Clear
2023-07-19,1.538261929240632,-0.21679540086119536,0.12029701315250697,-1.4921847642284372,Snowy
2023-07-20,-1.45705386113684,1.3883758417727416,-0.7792847567562692,-0.956513711212551,Stormy
2023-07-21,-0.9746913182708573,-1.3355511154242423,-0.056091569182547145,1.186170500850993,Snowy
2023-07-22,0.519076556410895,1.3883758417727416,1.6019611047669617,-0.6643295004766132,Stormy
2023-07-23,1.4993617241707948,0.9506018665089406,-1.1320619214263774,-1.4434873957724474,Stormy
2023-07-24,1.3826611089612828,-1.6274004322667763,-0.7969236149897745,-1.2000005534924991,Stormy
2023-07-25,1.1492598785422592,-1.7246835378809544,-1.0791453467258612,-1.10260581658052,Overcast
2023-07-26,-0.11110676572046935,1.3883758417727416,0.014463863751474569,-1.3947900273164577,Partly Cloudy
2023-07-27,-0.8968909081311828,1.5343005001940087,0.4201576031220989,-1.0539084481245302,Partly Cloudy
2023-07-28,-1.3247931638993928,0.7560356552805846,-0.5323407414871933,-1.4921847642284372,Rainy
2023-07-29,-0.6712697187261264,0.9992434193160297,0.29668559548756107,1.4783547115869309,Snowy
2023-07-30,-0.920231031173085,0.17233702159551664,0.4554353195891099,-0.3721452897406754,Snowy
2023-07-31,-0.7023898827819963,0.9992434193160297,-0.2501190097511066,-1.2000005534924991,Cloudy
2023-08-01,1.6082822983663392,-1.5301173266525983,-1.6083110937310234,-1.638276869596406,Rainy
2023-08-02,1.6005022573523722,1.1938096305443857,-0.46178530855317174,0.9913810270270345,Rainy
2023-08-03,-0.17334709383220895,-0.11951229524701736,-0.020813852715536443,1.6731441854108895,Cloudy
2023-08-04,-1.7060151735837987,-1.6760419850738653,0.49071303605612054,0.01743365790724172,Rainy
2023-08-05,-1.7604754606815707,0.3669032328238726,-1.1673396378933882,0.3583152370991692,Stormy
2023-08-06,0.10673438267061959,-0.7518524817391744,0.29668559548756107,-0.5669347635646339,Sunny
2023-08-07,0.417936023229318,1.1451680777372966,-0.5147018832536879,-0.22605318437270647,Rainy
2023-08-08,-0.6790497597400939,-1.2869095626171534,1.496127955365929,0.114828394819221,Sunny
2023-08-09,-0.39118824222329784,1.0478849721231187,-1.5553945190305072,-1.2486979219484888,Snowy
2023-08-10,0.9858790172489427,-1.0923433513887972,-1.4848390860964855,-1.10260581658052,Stormy
2023-08-11,-1.1614123026060765,0.9992434193160297,1.3197393730308749,-0.8591189743005717,Sunny
2023-08-12,-0.9824713592848248,0.026412363174249637,0.4201576031220989,0.114828394819221,Partly Cloudy
2023-08-13,-0.3522880371534606,0.026412363174249637,0.6671016183911747,0.8939862901150551,Cloudy
2023-08-14,0.5968769665505697,-0.8491355873533524,-1.6259499519645289,-0.8591189743005717,Snowy
2023-08-15,-1.2080925486898813,-1.5787588794596874,-0.0031749944820310943,0.6018020793791173,Sunny
2023-08-16,-1.2080925486898813,0.07505391598133863,0.13793587138601232,0.01743365790724172,Stormy
2023-08-17,-1.1769723846340112,-1.1409849041958864,1.5314056718329396,0.6991968162910966,Partly Cloudy
2023-08-18,-0.13444688876237176,0.026412363174249637,1.2668227983303584,0.30961786864317953,Stormy
2023-08-19,-0.577909226558517,1.3883758417727416,1.372655947731391,0.9426836585710449,Overcast
2023-08-20,1.1414798375282915,-1.0923433513887972,-1.2555339290609153,1.332262606218962,Partly Cloudy
2023-08-21,-1.1925324666619461,0.6101109968593176,-1.3966447949289587,-0.32344792128468575,Partly Cloudy
2023-08-22,-1.3636933689692303,0.7560356552805846,1.1786285071628313,-1.5895795011404164,Clear
2023-08-23,-0.8268705390054756,-1.1896264570029753,-1.290811645527926,-0.7617242373885925,Overcast
2023-08-24,1.3671010269333483,-1.0437017985817083,-1.6965053848985505,1.6731441854108895,Snowy
2023-08-25,-1.052491728410532,0.12369546878842763,-1.5024779443299912,1.186170500850993,Sunny
2023-08-26,1.6860827085060137,-1.7246835378809544,-0.46178530855317174,1.5270520800429206,Partly Cloudy
2023-08-27,-0.0877666426785669,0.12369546878842763,-1.0438676302588503,-1.10260581658052,Overcast
2023-08-28,0.08339425962871716,1.3883758417727416,1.3373782312643805,1.1374731323950034,Snowy
2023-08-29,1.468241560114925,0.5128278912451396,-1.6612276684315395,-0.1286584474607272,Sunny
2023-08-30,-1.4414937791089049,0.9992434193160297,-0.3559521591521392,0.9913810270270345,Snowy
2023-08-31,-0.46120861134900504,-1.2382680098100642,-0.1795635768170852,1.0400783954830242,Sunny
2023-09-01,0.4412761462712204,0.26962012720969464,1.5314056718329396,-0.031263710548747915,Partly Cloudy
2023-09-02,0.2934553670058385,0.026412363174249637,-0.602896174421215,0.30961786864317953,Rainy
2023-09-03,1.125919755500357,-1.4814757738455093,0.03210272198497992,0.06613102636323136,Sunny
2023-09-04,0.8458382789975283,1.4856589473869195,-0.9027567643908071,-1.10260581658052,Stormy
2023-09-05,0.6746773766902442,-1.5301173266525983,-0.19720243505059057,0.6991968162910966,Stormy
2023-09-06,1.7016427905339488,0.7560356552805846,-0.19720243505059057,1.2348678693069826,Sunny
2023-09-07,-0.4223084062791677,1.0478849721231187,1.2139062236298428,1.186170500850993,Cloudy
2023-09-08,-0.10332672470650177,-0.8004940345462633,-1.5906722354975182,1.721841553866879,Partly Cloudy
2023-09-09,0.3712557771455131,1.6802251586152757,0.8258513424927234,-1.2486979219484888,Partly Cloudy
2023-09-10,-0.22780738092998123,-0.5086447177037293,-0.4265075920861609,0.9913810270270345,Snowy
2023-09-11,-1.5037341072206445,0.026412363174249637,-0.6205350326547203,-1.346092658860468,Snowy
2023-09-12,-0.33672795512552556,-0.6545693761249963,-0.03845271094904179,-1.346092658860468,Rainy
2023-09-13,1.0403393043467148,-0.7032109289320854,-0.4794241667866771,-1.10260581658052,Cloudy
2023-09-14,0.5968769665505697,1.6315836058081865,0.29668559548756107,-0.2747505528286961,Clear
2023-09-15,-1.5737544763463518,-1.5787588794596874,-0.44414645031966626,-0.9078163427565614,Clear
2023-09-16,-1.2703328768016207,-0.11951229524701736,-1.3084505037614316,-1.4434873957724474,Rainy
2023-09-17,-0.6634896777121589,0.3182616800167836,0.6318239019241639,0.16352576327521062,Partly Cloudy
2023-09-18,-0.749070128865801,0.3669032328238726,0.7905736260257125,-1.0539084481245302,Partly Cloudy
2023-09-19,1.3826611089612828,-1.5787588794596874,0.7023793348581854,1.1374731323950034,Rainy
2023-09-20,0.28567532599187123,1.0478849721231187,-0.9027567643908071,0.26092050018718993,Cloudy
2023-09-21,-0.017746273552859876,-0.7032109289320854,-1.6788665266650453,-1.4434873957724474,Stormy
2023-09-22,1.2270602886819337,-0.6059278233179074,-1.5377556607970018,0.01743365790724172,Partly Cloudy
2023-09-23,-1.7060151735837987,-1.5301173266525983,0.15557472961951768,1.0400783954830242,Stormy
2023-09-24,0.876958443053398,0.17233702159551664,0.8082124842592181,0.01743365790724172,Snowy
2023-09-25,-1.3948135330251001,-1.0923433513887972,-0.3735910173856447,-0.9078163427565614,Cloudy
2023-09-26,1.4293413550450877,1.6802251586152757,0.26140787902055007,1.4783547115869309,Partly Cloudy
2023-09-27,-0.93579111320102,-0.6059278233179074,-1.5377556607970018,-1.2973952904044785,Partly Cloudy
2023-09-28,0.23121503889409906,0.4641863384380506,-0.7792847567562692,1.0887757639390137,Clear
2023-09-29,-0.24336746295791611,-0.31407850647537333,0.3672410284215828,-1.4921847642284372,Rainy
2023-09-30,1.1803800425981288,-0.022229189632839364,0.13793587138601232,-1.3947900273164577,Clear
2023-10-01,0.9547588531930726,0.22097857440260563,-0.3559521591521392,1.186170500850993,Overcast
2023-10-02,0.4490561872851877,-0.8004940345462633,0.19085244608652868,0.30961786864317953,Clear
2023-10-03,1.195940124626064,1.6315836058081865,0.6141850436906583,1.6731441854108895,Rainy
2023-10-04,-0.4223084062791677,-1.3355511154242423,-0.12664700211656885,-0.9078163427565614,Sunny
2023-10-05,0.9858790172489427,0.026412363174249637,-0.6558127491217313,0.5531047109231277,Overcast
2023-10-06,-0.8268705390054756,-0.31407850647537333,0.26140787902055007,0.8939862901150551,Cloudy
2023-10-07,-1.4803939841787421,1.2424511833514746,1.1609896489293263,0.5044073424671381,Snowy
2023-10-08,-1.5348542712765145,0.41554478563096164,-0.5499795997206988,0.7478941847470862,Overcast
2023-10-09,0.17675475179632663,1.1938096305443857,0.38487988665508815,1.0887757639390137,Clear
2023-10-10,-1.2703328768016207,0.8533187608947627,-1.1144230631928718,-0.7617242373885925,Clear
2023-10-11,0.6357771716204069,0.7073941024734957,0.8964067754267452,1.1374731323950034,Cloudy
2023-10-12,-1.3636933689692303,-0.6059278233179074,0.29668559548756107,0.5044073424671381,Rainy
2023-10-13,0.2545551619360012,0.3669032328238726,0.7023793348581854,-0.8104216058445821,Snowy
2023-10-14,-1.6359948044580914,0.7073941024734957,0.24376902078704474,-0.2747505528286961,Overcast
2023-10-15,-1.4803939841787421,1.6315836058081865,1.6019611047669617,-1.10260581658052,Clear
2023-10-16,0.013373890503010128,0.22097857440260563,-1.1849784961268937,-1.3947900273164577,Clear
2023-10-17,-0.274487627013786,-0.8977771401604413,1.5843222465334559,-0.5182373951086443,Snowy
2023-10-18,1.4293413550450877,-0.6059278233179074,-1.1320619214263774,0.796591553203076,Cloudy
2023-10-19,0.6591172946623094,-0.11951229524701736,0.08501929668549596,-0.32344792128468575,Partly Cloudy
2023-10-20,-1.5192941892485794,0.5128278912451396,1.4784890971324238,1.2835652377629723,Rainy
2023-10-21,-0.8968909081311828,0.41554478563096164,0.08501929668549596,-1.6869742380523955,Rainy
2023-10-22,-0.3678481191813954,-0.6545693761249963,1.4255725224319076,-0.8104216058445821,Clear
2023-10-23,-0.7801902929216709,-1.7246835378809544,-1.414283653162464,-0.7130268689326028,Cloudy
2023-10-24,0.19231483382426176,-0.07087074243992836,-0.9909510555583341,-1.1513031850365096,Cloudy
2023-10-25,-0.041086396594762035,-0.7518524817391744,-0.9203956226243124,1.3809599746749517,Overcast
2023-10-26,1.0403393043467148,0.8533187608947627,-0.9027567643908071,0.01743365790724172,Overcast
2023-10-27,-1.7838155837234733,-0.26543695366828435,-1.3966447949289587,-0.5182373951086443,Overcast
2023-10-28,-0.5001088164188423,1.3883758417727416,0.5083518942896259,-0.5669347635646339,Overcast
2023-10-29,0.6902374587181791,1.6802251586152757,-1.4495613696294747,0.4557099740111485,Rainy
2023-10-30,-0.1266668477484042,-0.8491355873533524,0.6847404766246801,-0.2747505528286961,Sunny
2023-10-31,-0.4223084062791677,-0.8977771401604413,0.049741580218485265,1.0400783954830242,Stormy
2023-11-01,-1.5893145583742867,0.026412363174249637,-1.6083110937310234,0.650499447835107,Partly Cloudy
2023-11-02,0.1456345877404569,1.6315836058081865,0.19085244608652868,0.06613102636323136,Partly Cloudy
2023-11-03,-0.8268705390054756,0.07505391598133863,-0.03845271094904179,-0.420842658196665,Partly Cloudy
2023-11-04,-1.0758318514524343,-0.16815384805410635,0.15557472961951768,0.114828394819221,Partly Cloudy
2023-11-05,-1.2080925486898813,1.2424511833514746,0.5259907525231312,-1.2486979219484888,Stormy
2023-11-06,1.4993617241707948,-1.4328342210384204,-1.3084505037614316,1.4783547115869309,Clear
2023-11-07,0.3712557771455131,0.3669032328238726,1.4255725224319076,-0.07996107900473755,Partly Cloudy
2023-11-08,-1.5348542712765145,0.9019603137018516,-1.6965053848985505,-1.0539084481245302,Clear
2023-11-09,0.16897471078235932,-0.022229189632839364,-0.8851179061573016,-1.2000005534924991,Rainy
2023-11-10,-0.15778701180427393,-1.1409849041958864,1.4432113806654125,0.5044073424671381,Partly Cloudy
2023-11-11,-0.3678481191813954,-1.2382680098100642,1.672516537700983,-1.2000005534924991,Rainy
2023-11-12,-0.6012493496004192,0.4641863384380506,-1.5906722354975182,-0.17735581591671684,Cloudy
2023-11-13,-0.44564852932107,-1.6274004322667763,0.4201576031220989,0.30961786864317953,Rainy
2023-11-14,0.7913779918997561,-1.4814757738455093,0.8082124842592181,1.6731441854108895,Overcast
2023-11-15,-0.9591312362429224,-1.5787588794596874,0.08501929668549596,0.40701260555515884,Overcast
2023-11-16,-0.21224729890204624,-1.5301173266525983,0.5612684689901423,0.9913810270270345,Overcast
2023-11-17,0.7991580329137234,0.17233702159551664,-0.6205350326547203,-1.10260581658052,Sunny
2023-11-18,0.3634757361315458,0.7560356552805846,-1.0085899137918395,-1.5895795011404164,Clear
2023-11-19,1.1803800425981288,0.7073941024734957,-1.6435888101980343,0.6991968162910966,Snowy
2023-11-20,0.417936023229318,0.12369546878842763,-1.0967842049593666,-1.5408821326844266,Clear
2023-11-21,1.2970806578076408,-0.8491355873533524,0.5612684689901423,1.2348678693069826,Sunny
2023-11-22,1.0169991813048123,1.1451680777372966,-0.5852573161877095,-1.4434873957724474,Clear
2023-11-23,-0.93579111320102,-1.6760419850738653,-1.3260893619949368,-0.1286584474607272,Snowy
2023-11-24,-0.44564852932107,-0.6059278233179074,1.0022399248277776,-0.031263710548747915,Overcast
2023-11-25,1.0325592633327472,0.5128278912451396,-0.020813852715536443,1.2348678693069826,Stormy
2023-11-26,-0.11888680673443663,-0.16815384805410635,-0.6205350326547203,1.0887757639390137,Partly Cloudy
2023-11-27,0.2234349978801315,0.41554478563096164,-1.5906722354975182,-1.2973952904044785,Sunny
2023-11-28,-1.2080925486898813,0.5128278912451396,0.3672410284215828,-0.6156321320206236,Sunny
2023-11-29,-0.13444688876237176,1.2910927361585636,-0.9556733390913232,-0.6643295004766132,Overcast
2023-11-30,1.0325592633327472,1.6802251586152757,-0.6381738908882258,-1.5408821326844266,Sunny
2023-12-01,-0.5390090214886797,-1.1409849041958864,1.1786285071628313,-0.420842658196665,Clear
2023-12-02,1.4915816831568272,1.2424511833514746,1.7254331124014994,1.4296573431309412,Stormy
2023-12-03,0.08339425962871716,-0.11951229524701736,-1.3437282202284424,-0.8591189743005717,Partly Cloudy
2023-12-04,0.7835979508857885,-0.21679540086119536,1.2491839400968534,0.650499447835107,Rainy
2023-12-05,1.1336997965143245,-1.5301173266525983,1.6901553959344886,0.01743365790724172,Snowy
2023-12-06,-0.17334709383220895,0.5614694440522287,0.8082124842592181,0.40701260555515884,Partly Cloudy
2023-12-07,1.02477922231878,-0.9950602457746194,-0.1090081438830635,0.9426836585710449,Snowy
2023-12-08,1.2270602886819337,-0.16815384805410635,-0.8674790479237962,-1.346092658860468,Snowy
2023-12-09,1.0558993863746498,0.5614694440522287,-0.07373042741605249,-1.2000005534924991,Stormy
2023-12-10,1.1881600836120965,0.7560356552805846,-0.8674790479237962,-1.346092658860468,Snowy
2023-12-11,1.2815205757797061,-0.36272005928246237,-0.07373042741605249,-0.32344792128468575,Stormy
2023-12-12,-0.7412900878518336,1.6315836058081865,-0.32067444268512835,0.01743365790724172,Overcast
2023-12-13,1.3048606988216083,0.07505391598133863,-0.020813852715536443,1.4783547115869309,Sunny
2023-12-14,-0.3445079961394931,-1.7246835378809544,0.6141850436906583,-1.0539084481245302,Clear
2023-12-15,-1.5659744353323843,0.7073941024734957,-0.5676184579542042,-1.5895795011404164,Cloudy
2023-12-16,1.6860827085060137,0.5128278912451396,1.76071082886851,-1.5895795011404164,Rainy
2023-12-17,0.06005413658681472,-1.2382680098100642,0.24376902078704474,-0.32344792128468575,Partly Cloudy
2023-12-18,-1.2314326717317834,-1.1409849041958864,1.0375176412947882,-0.1286584474607272,Clear
2023-12-19,-1.4648339021508072,-0.5572862705108184,-0.09136928564955815,0.5531047109231277,Sunny
2023-12-20,-1.7293552966257009,-1.7246835378809544,0.47307417782261524,-0.8104216058445821,Clear
2023-12-21,-1.3559133279552629,1.5343005001940087,0.24376902078704474,0.6018020793791173,Stormy
2023-12-22,1.6627425854641116,0.3669032328238726,-0.7969236149897745,1.57574944849891,Snowy
2023-12-23,-1.4337137380949376,1.3397342889656527,1.7783496871020157,-0.46954002665265465,Partly Cloudy
2023-12-24,-0.24336746295791611,0.22097857440260563,0.9316844918937559,1.0400783954830242,Overcast
2023-12-25,-0.09554668369253448,1.6315836058081865,1.3902948059648967,0.4557099740111485,Overcast
2023-12-26,-0.07998660166459934,-0.21679540086119536,1.6901553959344886,-0.6643295004766132,Overcast
2023-12-27,0.5657568024946996,0.8046772080876736,1.3550170894978855,0.5044073424671381,Stormy
2023-12-28,-0.32894791411155816,-1.3841926682313312,-1.1144230631928718,-0.32344792128468575,Overcast
2023-12-29,0.978098976234975,1.0478849721231187,-0.9909510555583341,-0.17735581591671684,Stormy
2023-12-30,-1.7526954196676034,0.7560356552805846,-1.5730333772640126,1.4783547115869309,Sunny
2023-12-31,-1.6904550915558638,1.3397342889656527,0.543629610756637,-0.1286584474607272,Rainy
2024-01-01,-1.6748950095279287,1.4370173945798306,-1.3613670784619476,-1.6869742380523955,Sunny
2024-01-02,0.417936023229318,1.5343005001940087,0.5083518942896259,1.0887757639390137,Overcast
2024-01-03,-0.6868298007540613,1.5343005001940087,-1.6965053848985505,0.114828394819221,Partly Cloudy
2024-01-04,-1.7215752556117334,-0.07087074243992836,1.3902948059648967,1.1374731323950034,Snowy
2024-01-05,-0.8035304159635732,0.9019603137018516,-1.5377556607970018,1.721841553866879,Cloudy
2024-01-06,-0.23558742194394866,-0.5572862705108184,-0.1795635768170852,-0.7130268689326028,Clear
2024-01-07,-1.5659744353323843,1.4370173945798306,-0.5147018832536879,-1.4434873957724474,Clear
2024-01-08,1.0014390992768776,1.6802251586152757,0.15557472961951768,-0.46954002665265465,Partly Cloudy
2024-01-09,1.0636794273886172,-1.5301173266525983,0.9493233501272612,-0.17735581591671684,Snowy
2024-01-10,1.4526814780869899,1.2424511833514746,-1.5730333772640126,-1.0539084481245302,Stormy
2024-01-11,1.6394024624222094,1.2424511833514746,0.9140456336602505,-1.6869742380523955,Stormy
2024-01-12,-1.6048746404022216,-0.16815384805410635,1.4608502388989182,-0.031263710548747915,Clear
2024-01-13,0.5968769665505697,1.3883758417727416,1.2315450818633478,1.6731441854108895,Cloudy
2024-01-14,1.1181397144863894,-0.21679540086119536,-1.5730333772640126,0.06613102636323136,Sunny
2024-01-15,1.1648199605701943,-1.1896264570029753,0.26140787902055007,1.6731441854108895,Partly Cloudy
2024-01-16,-0.44564852932107,0.26962012720969464,0.4377964613556042,-1.2973952904044785,Clear
2024-01-17,0.0678341776007823,-0.7518524817391744,-1.6965053848985505,-0.17735581591671684,Partly Cloudy
2024-01-18,1.569382093296502,-1.4814757738455093,0.9140456336602505,1.6244468169548998,Stormy
2024-01-19,1.2893006167936738,-0.5572862705108184,0.20849130432003404,1.2835652377629723,Clear
2024-01-20,-1.5815345173603192,-0.11951229524701736,-1.3084505037614316,1.721841553866879,Overcast
2024-01-21,0.5424166794527975,0.17233702159551664,-0.81456247322328,0.9913810270270345,Overcast
2024-01-22,-1.0058114823267272,-1.7246835378809544,1.372655947731391,1.4296573431309412,Snowy
2024-01-23,-1.7838155837234733,1.5343005001940087,0.3319633119545718,0.9426836585710449,Stormy
2024-01-24,-1.1069520155083041,0.9506018665089406,0.5612684689901423,-0.5669347635646339,Snowy
2024-01-25,-0.1655670528182415,-1.0437017985817083,-0.3383133009186338,1.6244468169548998,Rainy
2024-01-26,-1.0836118924664018,0.5128278912451396,0.9316844918937559,1.2348678693069826,Partly Cloudy
2024-01-27,0.5268565974248623,-0.7032109289320854,0.7905736260257125,-0.7617242373885925,Clear
2024-01-28,-0.017746273552859876,-0.7518524817391744,0.12029701315250697,0.114828394819221,Clear
2024-01-29,-1.6748950095279287,-1.3355511154242423,0.8964067754267452,-0.22605318437270647,Stormy
2024-01-30,-1.628214763444124,0.7560356552805846,0.6671016183911747,0.26092050018718993,Clear
2024-01-31,-0.7879703339356383,-0.31407850647537333,0.8964067754267452,0.5044073424671381,Clear
2024-02-01,1.0481193453606823,-0.9950602457746194,-1.6788665266650453,-1.3947900273164577,Stormy
2024-02-02,0.20787491585219664,0.7560356552805846,-0.07373042741605249,0.5531047109231277,Sunny
2024-02-03,-1.3092330818714581,-0.5572862705108184,0.4377964613556042,-0.46954002665265465,Sunny
2024-02-04,-1.254772794773686,1.0965265249302076,0.8082124842592181,0.650499447835107,Partly Cloudy
2024-02-05,1.6938627495199814,-0.21679540086119536,-0.0031749944820310943,1.57574944849891,Clear
2024-02-06,-1.6826750505418961,-1.3841926682313312,-1.6083110937310234,-1.4434873957724474,Rainy
2024-02-07,-0.577909226558517,0.8046772080876736,-0.23248015151760126,0.796591553203076,Overcast
2024-02-08,1.3904411499752505,0.4641863384380506,-1.0438676302588503,-0.07996107900473755,Stormy
2024-02-09,-1.5037341072206445,0.6587525496664066,-0.9380344808578177,-1.0539084481245302,Rainy
2024-02-10,0.0678341776007823,0.6587525496664066,0.20849130432003404,0.796591553203076,Stormy
2024-02-11,0.806938073927691,1.5343005001940087,-0.303035584451623,1.3809599746749517,Sunny
2024-02-12,0.3945959001874155,1.0478849721231187,0.19085244608652868,0.9426836585710449,Partly Cloudy
2024-02-13,-0.4223084062791677,-1.1409849041958864,-1.1320619214263774,-1.2486979219484888,Cloudy
2024-02-14,-0.9902514002987922,1.0478849721231187,-0.9203956226243124,-0.9078163427565614,Clear
2024-02-15,-0.6245894726423217,-1.3355511154242423,-1.2731727872944207,1.186170500850993,Rainy
2024-02-16,-0.41452836526520015,0.6101109968593176,-1.1497007796598828,0.9913810270270345,Partly Cloudy
2024-02-17,1.4760216011288927,1.0965265249302076,-1.026228772025345,0.26092050018718993,Partly Cloudy
2024-02-18,-0.6245894726423217,1.0478849721231187,1.2491839400968534,1.332262606218962,Snowy
2024-02-19,-0.5078888574328098,-0.11951229524701736,-0.5852573161877095,1.0400783954830242,Cloudy
2024-02-20,-0.7879703339356383,-1.1409849041958864,-0.020813852715536443,0.21222313173120028,Rainy
2024-02-21,0.7602578278438861,0.07505391598133863,1.3021005147973699,-0.8104216058445821,Overcast
2024-02-22,-1.5659744353323843,-0.8977771401604413,0.720018193091691,-1.2000005534924991,Cloudy
2024-02-23,-1.7293552966257009,-1.7246835378809544,0.26140787902055007,-1.2486979219484888,Overcast
2024-02-24,-0.8657707440753128,-0.36272005928246237,-0.9027567643908071,-0.8591189743005717,Overcast
2024-02-25,1.2581804527378035,-0.022229189632839364,-0.03845271094904179,-0.6156321320206236,Partly Cloudy
2024-02-26,0.10673438267061959,1.4856589473869195,0.34960217018807715,0.9426836585710449,Partly Cloudy
2024-02-27,1.3048606988216083,-0.8004940345462633,1.2139062236298428,-1.4434873957724474,Sunny
2024-02-28,1.5227018472126974,-1.5301173266525983,1.7959885453355209,0.9913810270270345,Stormy
2024-02-29,-0.02552631456682717,0.5614694440522287,1.2668227983303584,-1.346092658860468,Snowy
2024-03-01,-1.3481332869412954,1.2424511833514746,-0.303035584451623,0.6991968162910966,Partly Cloudy
2024-03-02,0.3712557771455131,1.4856589473869195,-0.6910904655887421,-1.3947900273164577,Overcast
2024-03-03,-1.052491728410532,0.8533187608947627,-1.2378950708274097,-1.2973952904044785,Partly Cloudy
2024-03-04,0.5346366384388299,-1.3355511154242423,-1.0615064884923557,-0.7130268689326028,Partly Cloudy
2024-03-05,1.6705226264780793,-1.1409849041958864,0.7905736260257125,0.9426836585710449,Sunny
2024-03-06,0.42571606424328556,-0.9950602457746194,-1.2202562125939045,0.7478941847470862,Rainy
2024-03-07,-0.8968909081311828,1.3397342889656527,-0.9027567643908071,-1.10260581658052,Snowy
2024-03-08,-0.05664647862269718,0.07505391598133863,0.8258513424927234,1.3809599746749517,Overcast
2024-03-09,1.4293413550450877,1.0965265249302076,-0.3383133009186338,-0.46954002665265465,Sunny
2024-03-10,-0.25892754498585097,1.3397342889656527,0.8964067754267452,-0.5182373951086443,Overcast
2024-03-11,-0.3445079961394931,0.6587525496664066,-1.2378950708274097,0.5531047109231277,Cloudy
2024-03-12,-0.18890717586014394,1.1451680777372966,0.9669622083607665,1.6244468169548998,Sunny
2024-03-13,-0.3989682832372653,0.9992434193160297,-0.49706302502018246,0.21222313173120028,Cloudy
2024-03-14,1.4526814780869899,0.9019603137018516,-1.2555339290609153,1.4783547115869309,Snowy
2024-03-15,-0.43008844729313517,0.07505391598133863,0.27904673725405577,-0.9078163427565614,Cloudy
2024-03-16,-0.49232877540487474,1.3397342889656527,1.5490445300664453,1.6244468169548998,Clear
2024-03-17,0.8380582379835607,1.6802251586152757,0.27904673725405577,1.332262606218962,Stormy
2024-03-18,-0.15000697079030664,0.9506018665089406,0.5259907525231312,0.7478941847470862,Cloudy
2024-03-19,-0.0877666426785669,1.1451680777372966,-0.1442858603500742,-0.7617242373885925,Stormy
2024-03-20,-0.6090293906143867,1.5829420530010976,-1.6435888101980343,1.721841553866879,Snowy
2024-03-21,-0.3445079961394931,-0.11951229524701736,-0.2501190097511066,1.332262606218962,Sunny
2024-03-22,1.6705226264780793,-1.7246835378809544,-0.6910904655887421,-1.3947900273164577,Clear
2024-03-23,-1.7526954196676034,0.5128278912451396,1.3197393730308749,-1.2000005534924991,Partly Cloudy
2024-03-24,1.4371213960590554,1.6802251586152757,-0.9909510555583341,1.4783547115869309,Partly Cloudy
2024-03-25,-0.22002733991601367,0.5614694440522287,-0.5499795997206988,1.1374731323950034,Sunny
2024-03-26,1.6082822983663392,-1.7246835378809544,-0.9556733390913232,0.06613102636323136,Overcast
2024-03-27,-0.17334709383220895,-1.4814757738455093,0.24376902078704474,-1.3947900273164577,Partly Cloudy
2024-03-28,-0.8113104569775408,0.026412363174249637,0.34960217018807715,1.4296573431309412,Snowy
2024-03-29,-0.8113104569775408,0.17233702159551664,-0.7263681820557529,0.5531047109231277,Overcast
2024-03-30,0.2934553670058385,0.4641863384380506,-0.39122987561915,1.2835652377629723,Partly Cloudy
2024-03-31,-1.1691923436200438,0.7560356552805846,-0.2501190097511066,0.40701260555515884,Rainy
2024-04-01,-1.138072179564174,0.7073941024734957,-0.26775786798461226,-0.8104216058445821,Cloudy
2024-04-02,1.1881600836120965,-1.2869095626171534,-0.3383133009186338,0.3583152370991692,Sunny
2024-04-03,-0.10332672470650177,0.026412363174249637,-0.7087293238222474,1.3809599746749517,Cloudy
2024-04-04,0.2623352029499688,0.9506018665089406,-1.6965053848985505,0.5531047109231277,Partly Cloudy
2024-04-05,-0.23558742194394866,1.2424511833514746,-1.1144230631928718,-0.3721452897406754,Overcast
2024-04-06,0.4490561872851877,-0.31407850647537333,0.596546185457153,-0.9078163427565614,Overcast
2024-04-07,-0.43008844729313517,0.07505391598133863,-0.8322013314567853,0.30961786864317953,Sunny
2024-04-08,-0.07220656065063204,1.1451680777372966,0.6671016183911747,-0.07996107900473755,Sunny
2024-04-09,-0.22780738092998123,1.1938096305443857,-1.6259499519645289,-0.32344792128468575,Snowy
2024-04-10,0.6824574177042115,0.6101109968593176,0.9493233501272612,-1.4434873957724474,Clear
2024-04-11,-1.5815345173603192,-0.07087074243992836,-0.2501190097511066,-0.8591189743005717,Stormy
2024-04-12,0.08339425962871716,0.5128278912451396,-1.1673396378933882,1.0400783954830242,Sunny
2024-04-13,0.7213576227740488,-1.5301173266525983,0.47307417782261524,-0.8104216058445821,Clear
2024-04-14,-0.7412900878518336,1.4856589473869195,1.019878783061283,-0.8591189743005717,Sunny
2024-04-15,0.6746773766902442,-1.5301173266525983,1.407933664198402,1.2835652377629723,Clear
2024-04-16,0.11451442368458717,-0.5572862705108184,1.1433507906958207,-0.32344792128468575,Sunny
2024-04-17,0.876958443053398,-1.4328342210384204,1.2139062236298428,1.721841553866879,Sunny
2024-04-18,1.335980862877478,1.1451680777372966,0.8258513424927234,-1.4921847642284372,Overcast
2024-04-19,0.6124370485785045,-1.0923433513887972,-0.602896174421215,1.186170500850993,Rainy
2024-04-20,1.3904411499752505,-0.9950602457746194,1.10807307422881,-1.5895795011404164,Stormy
2024-04-21,0.40237594120138315,0.17233702159551664,-1.2378950708274097,0.9426836585710449,Rainy
2024-04-22,-1.239212712745751,-1.5301173266525983,-1.3260893619949368,0.8939862901150551,Overcast
2024-04-23,0.6124370485785045,0.17233702159551664,0.720018193091691,0.01743365790724172,Cloudy
2024-04-24,0.7680378688578536,-0.7032109289320854,-1.5906722354975182,0.7478941847470862,Overcast
2024-04-25,-0.577909226558517,-0.7032109289320854,1.4784890971324238,-0.8104216058445821,Sunny
2024-04-26,-1.2314326717317834,-0.21679540086119536,0.31432445372106643,0.4557099740111485,Clear
2024-04-27,-0.017746273552859876,1.3883758417727416,-1.026228772025345,0.40701260555515884,Clear
2024-04-28,-1.6359948044580914,1.6315836058081865,1.6195999630004667,-1.346092658860468,Stormy
2024-04-29,-1.2781129178155883,0.41554478563096164,1.4608502388989182,-1.5408821326844266,Snowy
2024-04-30,-0.22002733991601367,0.26962012720969464,1.5314056718329396,1.332262606218962,Sunny
2024-05-01,-0.10332672470650177,0.6101109968593176,0.31432445372106643,0.650499447835107,Sunny
2024-05-02,-1.4803939841787421,0.7560356552805846,-1.0438676302588503,1.186170500850993,Partly Cloudy
2024-05-03,1.211500206653999,-1.1409849041958864,-1.414283653162464,-0.7617242373885925,Rainy
2024-05-04,0.09895434165665203,-0.5086447177037293,1.2315450818633478,0.8939862901150551,Sunny
2024-05-05,0.27789528497790367,0.9506018665089406,-1.0438676302588503,-1.0539084481245302,Overcast
2024-05-06,-1.5426343122904818,-1.5301173266525983,1.654877679467478,1.6731441854108895,Stormy
2024-05-07,-0.850210662047378,0.5614694440522287,0.13793587138601232,1.2348678693069826,Partly Cloudy
2024-05-08,1.211500206653999,-1.0923433513887972,0.049741580218485265,-0.3721452897406754,Partly Cloudy
2024-05-09,1.6860827085060137,-0.6059278233179074,-0.020813852715536443,-1.2973952904044785,Stormy
2024-05-10,-1.1847524256479787,-0.9464186929675303,-0.9380344808578177,-0.5669347635646339,Cloudy
2024-05-11,0.005593849489042558,1.2910927361585636,1.5137668135994347,-0.3721452897406754,Rainy
2024-05-12,-0.7957503749496058,-0.16815384805410635,1.0375176412947882,-1.0052110796685407,Rainy
2024-05-13,1.009219140290845,-0.36272005928246237,-1.1849784961268937,1.0887757639390137,Cloudy
2024-05-14,-0.041086396594762035,0.7073941024734957,0.9669622083607665,1.2348678693069826,Sunny
2024-05-15,1.0014390992768776,0.8046772080876736,1.3373782312643805,0.4557099740111485,Snowy
2024-05-16,-1.2158725897038487,0.41554478563096164,1.0022399248277776,1.6244468169548998,Partly Cloudy
2024-05-17,0.3012354080198061,0.17233702159551664,-0.9203956226243124,-1.1513031850365096,Sunny
2024-05-18,-0.9902514002987922,-1.6274004322667763,0.4554353195891099,0.40701260555515884,Cloudy
2024-05-19,0.5890969255366021,-1.7246835378809544,0.9316844918937559,-1.2000005534924991,Cloudy
2024-05-20,0.705797540746114,-0.31407850647537333,1.3550170894978855,1.6244468169548998,Rainy
2024-05-21,-1.597094599388254,-1.0437017985817083,-1.4495613696294747,-1.5895795011404164,Snowy
2024-05-22,-1.7293552966257009,1.1938096305443857,-0.32067444268512835,-0.7130268689326028,Sunny
2024-05-23,-0.26670758599981853,1.4856589473869195,-1.3437282202284424,0.06613102636323136,Stormy
2024-05-24,1.4449014370730229,0.41554478563096164,0.29668559548756107,-1.3947900273164577,Overcast
2024-05-25,-0.44564852932107,-0.36272005928246237,1.1962673653963372,-1.0539084481245302,Snowy
2024-05-26,0.8147181149416586,-0.16815384805410635,0.9493233501272612,-1.2973952904044785,Overcast
2024-05-27,-0.15778701180427393,1.2910927361585636,-1.0791453467258612,-0.956513711212551,Clear
2024-05-28,0.33235557207567584,0.8533187608947627,0.03210272198497992,-0.7130268689326028,Snowy
2024-05-29,1.6705226264780793,-1.1896264570029753,-1.3437282202284424,-1.2973952904044785,Sunny
2024-05-30,0.4490561872851877,0.8046772080876736,-0.32067444268512835,-0.420842658196665,Stormy
2024-05-31,-1.472613943164775,-0.11951229524701736,1.3373782312643805,1.6731441854108895,Rainy
2024-06-01,0.16119466976839175,-0.46000316489664034,0.19085244608652868,-0.420842658196665,Partly Cloudy
2024-06-02,-0.39118824222329784,-1.1896264570029753,-0.5676184579542042,-1.6869742380523955,Partly Cloudy
2024-06-03,-0.3678481191813954,-0.16815384805410635,0.31432445372106643,-1.4921847642284372,Snowy
2024-06-04,-0.33672795512552556,0.7560356552805846,-1.6435888101980343,0.01743365790724172,Cloudy
2024-06-05,-0.9746913182708573,-1.7246835378809544,1.284461656563864,-0.6643295004766132,Sunny
2024-06-06,-1.7215752556117334,1.1451680777372966,1.5314056718329396,0.40701260555515884,Overcast
2024-06-07,1.654962544450144,1.3397342889656527,1.7959885453355209,1.5270520800429206,Cloudy
2024-06-08,-0.0877666426785669,-0.6059278233179074,0.20849130432003404,-1.3947900273164577,Cloudy
2024-06-09,0.5579767614807323,0.7560356552805846,0.03210272198497992,-0.2747505528286961,Stormy
2024-06-10,0.5813168845226347,1.0478849721231187,1.0375176412947882,-0.031263710548747915,Snowy
2024-06-11,-1.0991719744943367,1.0965265249302076,1.4784890971324238,-0.7617242373885925,Clear
2024-06-12,0.7291376637880164,1.6802251586152757,-0.5499795997206988,0.8939862901150551,Snowy
2024-06-13,1.4137812730171526,0.22097857440260563,-0.1090081438830635,-1.1513031850365096,Sunny
2024-06-14,-1.597094599388254,0.5128278912451396,0.543629610756637,0.5531047109231277,Snowy
2024-06-15,0.10673438267061959,1.5343005001940087,-1.6083110937310234,0.21222313173120028,Overcast
2024-06-16,-1.410373615053035,0.5614694440522287,-1.5201168025634966,1.2348678693069826,Clear
2024-06-17,-1.0213715643546621,0.9019603137018516,1.672516537700983,-0.22605318437270647,Partly Cloudy
2024-06-18,0.6046570075645369,1.5343005001940087,-0.7440070402892582,0.16352576327521062,Snowy
2024-06-19,-1.4959540662066773,-0.16815384805410635,-0.2148412932840959,-0.420842658196665,Clear
2024-06-20,0.5424166794527975,-0.36272005928246237,0.15557472961951768,-1.2000005534924991,Snowy
2024-06-21,0.6279971306064394,-1.5787588794596874,0.7905736260257125,1.1374731323950034,Stormy
2024-06-22,0.31679549004774094,-0.07087074243992836,0.7905736260257125,0.7478941847470862,Clear
2024-06-23,0.6746773766902442,-0.8004940345462633,-0.03845271094904179,-1.10260581658052,Stormy
2024-06-24,0.9858790172489427,-0.07087074243992836,-1.3966447949289587,-0.8104216058445821,Partly Cloudy
2024-06-25,0.9002985660953005,-1.6274004322667763,-0.9380344808578177,-1.4921847642284372,Sunny
2024-06-26,0.24677512092203394,-0.8977771401604413,0.20849130432003404,-0.031263710548747915,Overcast
2024-06-27,0.6902374587181791,-1.1896264570029753,1.3373782312643805,1.186170500850993,Cloudy
2024-06-28,0.08339425962871716,1.2424511833514746,0.8787679171932395,0.5531047109231277,Cloudy
2024-06-29,-1.138072179564174,-0.31407850647537333,-0.7263681820557529,-0.8104216058445821,Clear
2024-06-30,1.0870195504305196,0.9506018665089406,1.3550170894978855,-1.2973952904044785,Rainy
2024-07-01,-1.5426343122904818,0.3669032328238726,1.2139062236298428,-1.346092658860468,Sunny
2024-07-02,0.7835979508857885,0.8533187608947627,-1.026228772025345,-0.22605318437270647,Partly Cloudy
2024-07-03,-0.7412900878518336,-1.0437017985817083,-1.6612276684315395,0.16352576327521062,Clear
2024-07-04,1.5771621343104694,1.2424511833514746,-1.2555339290609153,0.01743365790724172,Snowy
2024-07-05,0.20787491585219664,0.8533187608947627,-1.026228772025345,1.3809599746749517,Stormy
2024-07-06,0.7913779918997561,-0.6545693761249963,-1.5377556607970018,1.6731441854108895,Sunny
2024-07-07,0.2701152439639364,-0.9950602457746194,-1.1320619214263774,-0.8104216058445821,Cloudy
2024-07-08,-0.5701291855445494,-0.21679540086119536,0.38487988665508815,0.8452889216590656,Overcast
2024-07-09,1.3048606988216083,0.5128278912451396,-1.0085899137918395,-0.46954002665265465,Partly Cloudy
2024-07-10,-0.9902514002987922,0.7073941024734957,-1.6788665266650453,1.3809599746749517,Stormy
2024-07-11,1.1881600836120965,-0.5086447177037293,0.9493233501272612,0.40701260555515884,Rainy
2024-07-12,1.4215613140311203,-0.8977771401604413,1.5843222465334559,0.3583152370991692,Clear
2024-07-13,-1.7760355427095056,-1.5787588794596874,0.4025187448885935,0.6018020793791173,Stormy
2024-07-14,1.0403393043467148,1.1938096305443857,-1.1497007796598828,0.3583152370991692,Sunny
2024-07-15,-1.0135915233406947,0.9992434193160297,-0.5499795997206988,-0.6643295004766132,Rainy
2024-07-16,1.6005022573523722,0.8533187608947627,1.372655947731391,1.2835652377629723,Sunny
2024-07-17,0.6435572126343743,-0.8977771401604413,-0.19720243505059057,-0.5182373951086443,Overcast
2024-07-18,0.7135775817600816,-1.2869095626171534,0.5259907525231312,1.0400783954830242,Stormy
2024-07-19,-0.14222692977633908,0.17233702159551664,-1.1673396378933882,-1.5895795011404164,Sunny
2024-07-20,0.005593849489042558,-0.6545693761249963,-1.4848390860964855,-0.17735581591671684,Partly Cloudy
2024-07-21,1.02477922231878,-1.3841926682313312,0.6494627601576693,1.6244468169548998,Stormy
2024-07-22,-0.850210662047378,-0.9950602457746194,-0.3383133009186338,0.30961786864317953,Clear
2024-07-23,1.1025796324584543,-1.0437017985817083,-0.3735910173856447,0.8939862901150551,Cloudy
2024-07-24,-1.2936729998435232,1.6315836058081865,1.6195999630004667,1.3809599746749517,Snowy
2024-07-25,1.5538220112685672,1.6315836058081865,1.76071082886851,0.21222313173120028,Partly Cloudy
2024-07-26,1.6783026674920467,-1.4328342210384204,1.566683388299951,0.9426836585710449,Clear
2024-07-27,0.3790358181594807,0.7073941024734957,-0.2853967262181176,-1.5895795011404164,Snowy
2024-07-28,1.3204207808495434,1.4856589473869195,0.5083518942896259,-0.031263710548747915,Cloudy
2024-07-29,0.6046570075645369,0.22097857440260563,0.6318239019241639,-0.031263710548747915,Rainy
2024-07-30,0.876958443053398,-0.16815384805410635,0.6318239019241639,0.40701260555515884,Sunny
2024-07-31,-1.3247931638993928,-0.8004940345462633,1.0727953577617992,-1.346092658860468,Rainy
2024-08-01,-0.8657707440753128,0.5128278912451396,1.5490445300664453,0.8452889216590656,Partly Cloudy
2024-08-02,1.1103596734724217,1.1938096305443857,-1.4319225113959695,-0.1286584474607272,Rainy
2024-08-03,0.6513372536483418,-0.6059278233179074,0.4025187448885935,-0.5669347635646339,Stormy
2024-08-04,-1.5192941892485794,0.6587525496664066,-0.7616458985227637,1.5270520800429206,Partly Cloudy
2024-08-05,-0.20446725788807882,-1.1896264570029753,-1.1849784961268937,-0.7617242373885925,Snowy
2024-08-06,1.1103596734724217,-0.8004940345462633,-1.3084505037614316,-0.3721452897406754,Stormy
2024-08-07,-0.6401495546702566,-0.5572862705108184,1.1433507906958207,1.332262606218962,Partly Cloudy
2024-08-08,1.6938627495199814,0.026412363174249637,-0.9733121973248285,-0.3721452897406754,Stormy
2024-08-09,-1.4648339021508072,-1.6760419850738653,-0.26775786798461226,-1.2486979219484888,Clear
2024-08-10,0.46461626931312283,-1.6274004322667763,-0.07373042741605249,-0.7130268689326028,Partly Cloudy
2024-08-11,0.31679549004774094,1.0965265249302076,-0.602896174421215,-1.5408821326844266,Stormy
2024-08-12,-1.3247931638993928,-0.7518524817391744,-1.6435888101980343,0.114828394819221,Overcast
2024-08-13,1.1414798375282915,-0.11951229524701736,0.34960217018807715,0.06613102636323136,Stormy
2024-08-14,1.0870195504305196,-0.5572862705108184,0.5259907525231312,-1.10260581658052,Overcast
2024-08-15,-1.0836118924664018,-1.7246835378809544,-0.5323407414871933,-0.956513711212551,Overcast
2024-08-16,1.3515409449054132,0.9992434193160297,-1.1849784961268937,0.21222313173120028,Cloudy
2024-08-17,-0.017746273552859876,-1.6274004322667763,1.4784890971324238,0.114828394819221,Overcast
2024-08-18,1.2037201656400316,-0.11951229524701736,0.5259907525231312,-1.2973952904044785,Partly Cloudy
2024-08-19,1.6783026674920467,-0.5572862705108184,-0.5676184579542042,-0.5182373951086443,Partly Cloudy
2024-08-20,-0.30560779106965585,-0.9950602457746194,0.5083518942896259,-0.6643295004766132,Partly Cloudy
2024-08-21,-0.9435711542149875,-1.0437017985817083,1.2139062236298428,-0.2747505528286961,Clear
2024-08-22,1.6394024624222094,1.5343005001940087,1.284461656563864,-1.5895795011404164,Rainy
2024-08-23,-0.31338783208362325,1.0965265249302076,-1.3966447949289587,-1.638276869596406,Partly Cloudy
2024-08-24,0.620217089592472,-0.21679540086119536,-1.5024779443299912,-1.2000005534924991,Partly Cloudy
2024-08-25,-1.7760355427095056,-0.6059278233179074,-0.6734516073552366,1.721841553866879,Overcast
2024-08-26,-0.6479295956842239,-0.11951229524701736,0.49071303605612054,-0.5182373951086443,Sunny
2024-08-27,-0.0877666426785669,-0.46000316489664034,-1.0438676302588503,0.9426836585710449,Rainy
2024-08-28,-1.42593369708097,1.0965265249302076,-0.09136928564955815,1.6731441854108895,Overcast
2024-08-29,-0.38340820120933045,-1.1896264570029753,-1.6788665266650453,0.6991968162910966,Overcast
2024-08-30,1.51492180619873,1.1938096305443857,-1.5553945190305072,-0.46954002665265465,Snowy
2024-08-31,-1.223652630717816,1.0965265249302076,0.15557472961951768,-1.1513031850365096,Clear
2024-09-01,0.7135775817600816,0.9506018665089406,-0.1795635768170852,-0.1286584474607272,Overcast
2024-09-02,1.468241560114925,-1.3355511154242423,-1.379005936695453,-0.8591189743005717,Partly Cloudy
2024-09-03,-1.7526954196676034,-0.41136161208955135,0.7376570513251964,0.40701260555515884,Cloudy
2024-09-04,-0.8113104569775408,-0.9950602457746194,1.0022399248277776,-0.7617242373885925,Snowy
2024-09-05,0.3012354080198061,-0.46000316489664034,0.10265815491900163,0.21222313173120028,Stormy
2024-09-06,0.1378545467264893,-0.07087074243992836,-1.379005936695453,-0.07996107900473755,Cloudy
2024-09-07,-0.7412900878518336,-1.5787588794596874,0.06738043845199061,-1.6869742380523955,Clear
2024-09-08,0.3790358181594807,-1.0923433513887972,0.9669622083607665,1.3809599746749517,Sunny
2024-09-09,1.4293413550450877,1.0478849721231187,1.1609896489293263,-0.17735581591671684,Stormy
2024-09-10,1.2037201656400316,0.5614694440522287,1.3197393730308749,1.0887757639390137,Overcast
2024-09-11,0.3945959001874155,-1.6274004322667763,-1.5377556607970018,0.114828394819221,Cloudy
2024-09-12,1.2893006167936738,0.7073941024734957,-0.4088687338526554,-0.9078163427565614,Rainy
2024-09-13,-1.122512097536239,0.7560356552805846,0.9846010665942723,-0.7130268689326028,Partly Cloudy
2024-09-14,-0.3211678730975907,0.07505391598133863,-1.5730333772640126,-0.420842658196665,Stormy
2024-09-15,-1.5426343122904818,0.3182616800167836,-0.6910904655887421,-0.5182373951086443,Clear
2024-09-16,1.0636794273886172,-0.21679540086119536,-0.5147018832536879,0.7478941847470862,Rainy
2024-09-17,-0.3522880371534606,0.3182616800167836,-0.020813852715536443,-0.7617242373885925,Sunny
2024-09-18,1.0558993863746498,-0.7032109289320854,1.2491839400968534,-1.4434873957724474,Sunny
2024-09-19,-0.9980314413127597,0.5614694440522287,0.9140456336602505,0.40701260555515884,Sunny
2024-09-20,0.19231483382426176,-1.5301173266525983,-0.7792847567562692,1.1374731323950034,Sunny
2024-09-21,0.9314187301511705,-1.6760419850738653,1.3373782312643805,1.1374731323950034,Overcast
2024-09-22,-0.32894791411155816,1.1451680777372966,-1.6083110937310234,1.1374731323950034,Stormy
2024-09-23,-0.39118824222329784,0.12369546878842763,-0.09136928564955815,-0.46954002665265465,Partly Cloudy
2024-09-24,-1.2625528357876534,0.8533187608947627,0.12029701315250697,-0.17735581591671684,Partly Cloudy
2024-09-25,0.6746773766902442,-0.11951229524701736,1.6195999630004667,-1.346092658860468,Sunny
2024-09-26,1.561602052282535,0.17233702159551664,1.407933664198402,-1.0052110796685407,Clear
2024-09-27,-1.472613943164775,0.9019603137018516,0.06738043845199061,-0.8104216058445821,Snowy
2024-09-28,0.7602578278438861,1.3883758417727416,-0.3559521591521392,-0.22605318437270647,Overcast
2024-09-29,-0.6090293906143867,-0.31407850647537333,-0.07373042741605249,-0.9078163427565614,Rainy
2024-09-30,1.0014390992768776,-1.2382680098100642,-0.3559521591521392,-0.420842658196665,Rainy
2024-10-01,0.45683622829915527,-0.11951229524701736,0.4025187448885935,-1.6869742380523955,Stormy
2024-10-02,-1.5426343122904818,0.6101109968593176,-1.46720022786298,-1.3947900273164577,Overcast
2024-10-03,1.211500206653999,0.026412363174249637,0.5259907525231312,-1.2000005534924991,Snowy
2024-10-04,0.23121503889409906,-0.8977771401604413,1.3021005147973699,-0.7617242373885925,Sunny
2024-10-05,-1.0447116873965645,-0.41136161208955135,-0.7087293238222474,1.186170500850993,Rainy
2024-10-06,0.7758179098718213,-0.46000316489664034,-0.5323407414871933,0.40701260555515884,Cloudy
2024-10-07,-1.3792534509971655,0.12369546878842763,-1.0791453467258612,0.650499447835107,Clear
2024-10-08,1.584942175324437,-1.3841926682313312,0.8258513424927234,-1.0539084481245302,Cloudy
2024-10-09,1.0014390992768776,0.5128278912451396,-0.8851179061573016,0.9426836585710449,Snowy
2024-10-10,-0.4534285703350375,-1.1896264570029753,-0.12664700211656885,-0.1286584474607272,Overcast
2024-10-11,1.4838016421428601,1.2910927361585636,1.5137668135994347,0.6018020793791173,Clear
2024-10-12,-0.4689886523629725,-0.7518524817391744,-0.26775786798461226,-0.7130268689326028,Overcast
2024-10-13,0.24677512092203394,-1.6274004322667763,1.3021005147973699,-1.346092658860468,Overcast
2024-10-14,-0.7568501698797684,-1.7246835378809544,1.2139062236298428,0.01743365790724172,Rainy
2024-10-15,1.3826611089612828,-0.11951229524701736,0.8611290589597341,-1.4434873957724474,Sunny
2024-10-16,0.5424166794527975,-0.21679540086119536,0.15557472961951768,-0.031263710548747915,Stormy
2024-10-17,1.2893006167936738,-0.6545693761249963,1.743071970635005,-1.346092658860468,Snowy
2024-10-18,-0.3756281601953629,-0.6545693761249963,-1.3437282202284424,-0.22605318437270647,Partly Cloudy
2024-10-19,0.3245755310617085,0.4641863384380506,-0.5676184579542042,-0.031263710548747915,Snowy
2024-10-20,-1.6204347224301565,-1.2869095626171534,-0.7440070402892582,1.2835652377629723,Partly Cloudy
2024-10-21,-0.5545691035166145,0.8046772080876736,1.1257119324623157,0.6991968162910966,Partly Cloudy
2024-10-22,-0.44564852932107,-0.9464186929675303,-0.4265075920861609,0.114828394819221,Clear
2024-10-23,-0.33672795512552556,-0.6059278233179074,-1.5906722354975182,1.1374731323950034,Clear
2024-10-24,-1.2158725897038487,-0.31407850647537333,1.3550170894978855,1.5270520800429206,Stormy
2024-10-25,0.1456345877404569,0.6101109968593176,-1.5201168025634966,0.06613102636323136,Snowy
2024-10-26,0.07561421861474986,-1.2869095626171534,-1.0967842049593666,1.2835652377629723,Clear
2024-10-27,0.09895434165665203,0.12369546878842763,0.26140787902055007,0.6991968162910966,Snowy
2024-10-28,-1.0213715643546621,-0.5086447177037293,0.5612684689901423,-0.46954002665265465,Partly Cloudy
2024-10-29,0.7135775817600816,0.8046772080876736,-0.03845271094904179,1.57574944849891,Sunny
2024-10-30,1.0325592633327472,0.5614694440522287,0.22613016255353938,-0.22605318437270647,Rainy
2024-10-31,1.02477922231878,-0.8004940345462633,1.3902948059648967,0.5044073424671381,Cloudy
2024-11-01,1.2270602886819337,0.26962012720969464,0.5259907525231312,1.1374731323950034,Clear
2024-11-02,-1.6593349274999938,-0.9950602457746194,-1.026228772025345,1.3809599746749517,Snowy
2024-11-03,-1.4025935740390676,0.7560356552805846,-0.23248015151760126,-0.07996107900473755,Cloudy
2024-11-04,0.7213576227740488,0.5614694440522287,0.26140787902055007,-0.6643295004766132,Sunny
2024-11-05,-1.6515548864860266,0.7073941024734957,-1.6435888101980343,-1.2000005534924991,Partly Cloudy
2024-11-06,-1.0991719744943367,-1.1896264570029753,-0.5852573161877095,-1.2000005534924991,Partly Cloudy
2024-11-07,-1.0758318514524343,0.6101109968593176,-1.0085899137918395,0.40701260555515884,Rainy
2024-11-08,0.005593849489042558,0.6101109968593176,-1.6083110937310234,-1.0539084481245302,Partly Cloudy
2024-11-09,-0.6557096366981915,1.3883758417727416,-1.5553945190305072,0.21222313173120028,Cloudy
2024-11-10,-1.7293552966257009,-1.6760419850738653,0.20849130432003404,0.16352576327521062,Overcast
2024-11-11,0.021153931516977423,-0.6059278233179074,-0.19720243505059057,-0.2747505528286961,Partly Cloudy
2024-11-12,1.3515409449054132,0.9019603137018516,1.2491839400968534,-0.2747505528286961,Sunny
2024-11-13,0.09117430064268472,0.41554478563096164,-1.3966447949289587,-0.46954002665265465,Overcast
2024-11-14,-0.7646302108937358,-1.5787588794596874,1.2491839400968534,1.6731441854108895,Rainy
2024-11-15,1.2348403296959012,-1.0923433513887972,-0.1090081438830635,1.2348678693069826,Clear
2024-11-16,-0.9746913182708573,0.3182616800167836,-0.6205350326547203,-1.2000005534924991,Stormy
2024-11-17,-0.6712697187261264,0.3182616800167836,0.720018193091691,1.332262606218962,Partly Cloudy
2024-11-18,-0.6323695136562891,-1.6760419850738653,-1.3613670784619476,0.40701260555515884,Cloudy
2024-11-19,-1.1147320565222716,-0.07087074243992836,1.0022399248277776,0.796591553203076,Cloudy
2024-11-20,0.48017635134105774,0.026412363174249637,1.5490445300664453,1.332262606218962,Overcast
2024-11-21,-0.1266668477484042,0.07505391598133863,0.7552959095587017,-1.5408821326844266,Rainy
2024-11-22,-1.3325732049133605,-1.1896264570029753,0.5789073272236476,0.3583152370991692,Rainy
2024-11-23,1.5227018472126974,0.8533187608947627,0.049741580218485265,-1.0052110796685407,Overcast
2024-11-24,1.009219140290845,-0.8977771401604413,0.34960217018807715,0.9913810270270345,Cloudy
2024-11-25,0.6902374587181791,-1.5787588794596874,-0.81456247322328,1.4296573431309412,Stormy
2024-11-26,-0.8891108671172153,-0.9950602457746194,-0.6558127491217313,0.5044073424671381,Stormy
2024-11-27,0.908078607109268,-1.0437017985817083,1.566683388299951,1.0887757639390137,Rainy
2024-11-28,-0.5856892675724844,-0.16815384805410635,0.6494627601576693,0.16352576327521062,Snowy
2024-11-29,0.15341462875442446,-1.1409849041958864,0.38487988665508815,-1.638276869596406,Partly Cloudy
2024-11-30,-0.9280110721870526,-0.16815384805410635,1.4432113806654125,0.3583152370991692,Rainy
2024-12-01,0.5424166794527975,0.3669032328238726,1.4608502388989182,-0.9078163427565614,Rainy
2024-12-02,-1.2080925486898813,0.026412363174249637,-0.5499795997206988,1.5270520800429206,Partly Cloudy
2024-12-03,1.2504004117238363,0.41554478563096164,1.3373782312643805,-0.5182373951086443,Overcast
2024-12-04,0.11451442368458717,0.8533187608947627,-0.9909510555583341,-1.0052110796685407,Stormy
2024-12-05,-1.5893145583742867,0.6587525496664066,-0.4265075920861609,1.332262606218962,Overcast
2024-12-06,-1.713795214597766,-1.5787588794596874,0.6318239019241639,1.1374731323950034,Partly Cloudy
2024-12-07,1.3204207808495434,-1.4814757738455093,0.12029701315250697,1.6244468169548998,Sunny
2024-12-08,-1.5581943943184167,0.9019603137018516,0.5789073272236476,1.57574944849891,Rainy
2024-12-09,0.908078607109268,0.3182616800167836,-0.7792847567562692,0.6991968162910966,Overcast
2024-12-10,-0.4534285703350375,1.5829420530010976,-0.9380344808578177,0.9426836585710449,Partly Cloudy
2024-12-11,1.211500206653999,1.5343005001940087,1.10807307422881,-1.2486979219484888,Stormy
2024-12-12,-0.20446725788807882,1.2424511833514746,0.8611290589597341,-0.1286584474607272,Cloudy
2024-12-13,-1.0913919334803692,1.0965265249302076,-1.46720022786298,0.5044073424671381,Clear
2024-12-14,0.3945959001874155,0.6587525496664066,1.76071082886851,0.01743365790724172,Partly Cloudy
2024-12-15,1.02477922231878,-0.5086447177037293,1.5843222465334559,-0.8104216058445821,Partly Cloudy
2024-12-16,-0.2511475039718835,-0.8491355873533524,-0.6558127491217313,1.1374731323950034,Sunny
2024-12-17,0.28567532599187123,-1.2382680098100642,1.0727953577617992,0.5044073424671381,Rainy
2024-12-18,-1.0913919334803692,0.8533187608947627,1.1433507906958207,1.4783547115869309,Sunny
2024-12-19,-0.06442651963666447,-0.41136161208955135,1.0022399248277776,-0.7130268689326028,Rainy
2024-12-20,-0.4767686933769399,0.5128278912451396,-0.1795635768170852,-0.17735581591671684,Partly Cloudy
2024-12-21,-0.7179499648099311,0.8046772080876736,0.17321358785302302,0.7478941847470862,Sunny
2024-12-22,0.8224981559556258,0.41554478563096164,1.0551564995282936,0.8452889216590656,Sunny
2024-12-23,0.705797540746114,-1.1409849041958864,-0.8322013314567853,-1.638276869596406,Rainy
2024-12-24,1.0169991813048123,-0.8977771401604413,0.10265815491900163,-0.6643295004766132,Rainy
2024-12-25,-1.3636933689692303,-1.6274004322667763,1.6019611047669617,0.01743365790724172,Snowy
2024-12-26,0.9314187301511705,0.3669032328238726,-0.1795635768170852,0.5531047109231277,Snowy
2024-12-27,0.2701152439639364,0.3182616800167836,-0.8498401896902907,-0.9078163427565614,Sunny
2024-12-28,0.02893397253094499,0.026412363174249637,-1.4848390860964855,-0.2747505528286961,Snowy
2024-12-29,-1.3636933689692303,-1.2382680098100642,1.5314056718329396,1.5270520800429206,Snowy
2024-12-30,-0.13444688876237176,1.5343005001940087,1.2668227983303584,0.16352576327521062,Stormy
2024-12-31,1.4604615191009576,-0.9950602457746194,1.5137668135994347,-1.0052110796685407,Snowy
2025-01-01,0.8536183200114958,0.17233702159551664,1.1962673653963372,0.7478941847470862,Sunny
2025-01-02,-0.3678481191813954,-0.6059278233179074,-0.07373042741605249,-0.8591189743005717,Cloudy
2025-01-03,-1.2158725897038487,1.5343005001940087,1.672516537700983,0.650499447835107,Sunny
2025-01-04,1.4215613140311203,-0.16815384805410635,-0.3383133009186338,0.30961786864317953,Partly Cloudy
2025-01-05,-1.744915378653636,-0.6545693761249963,-0.303035584451623,-0.1286584474607272,Sunny
2025-01-06,-0.8891108671172153,-0.41136161208955135,-1.5906722354975182,0.7478941847470862,Stormy
2025-01-07,-0.18112713484617637,1.0965265249302076,0.596546185457153,1.4783547115869309,Stormy
2025-01-08,-1.3870334920111327,-0.46000316489664034,1.1257119324623157,0.30961786864317953,Partly Cloudy
2025-01-09,0.876958443053398,-1.2869095626171534,1.743071970635005,-0.8104216058445821,Clear
2025-01-10,0.6902374587181791,1.1938096305443857,-0.020813852715536443,0.5531047109231277,Cloudy
2025-01-11,-0.20446725788807882,-1.5301173266525983,0.10265815491900163,-0.17735581591671684,Cloudy
2025-01-12,-1.4181536560670027,-0.16815384805410635,0.8787679171932395,-1.10260581658052,Rainy
2025-01-13,-0.36006807816742803,0.8046772080876736,1.3197393730308749,-1.2486979219484888,Overcast
2025-01-14,0.6902374587181791,-0.31407850647537333,-1.1144230631928718,-0.5669347635646339,Sunny
2025-01-15,0.9158586481232354,-1.1409849041958864,-0.2148412932840959,1.1374731323950034,Sunny
2025-01-16,-0.9124509901591177,1.1938096305443857,0.5789073272236476,1.5270520800429206,Snowy
2025-01-17,-1.5815345173603192,-0.9950602457746194,0.6141850436906583,-0.7617242373885925,Clear
2025-01-18,1.0014390992768776,-0.6545693761249963,-1.714144243132056,-1.1513031850365096,Partly Cloudy
2025-01-19,0.6746773766902442,-0.8977771401604413,-0.1090081438830635,-1.5408821326844266,Rainy
2025-01-20,-0.7724102519077034,1.2910927361585636,1.1609896489293263,0.650499447835107,Cloudy
2025-01-21,1.4915816831568272,1.6315836058081865,-0.056091569182547145,0.4557099740111485,Snowy
2025-01-22,-0.850210662047378,1.0965265249302076,-0.8322013314567853,1.57574944849891,Partly Cloudy
2025-01-23,0.417936023229318,0.41554478563096164,-1.1849784961268937,1.2835652377629723,Cloudy
2025-01-24,-0.36006807816742803,1.2424511833514746,-1.3084505037614316,1.57574944849891,Stormy
2025-01-25,-0.5856892675724844,0.7073941024734957,1.4255725224319076,-1.1513031850365096,Snowy
2025-01-26,0.24677512092203394,-1.4814757738455093,0.7552959095587017,0.01743365790724172,Partly Cloudy
2025-01-27,-1.4803939841787421,0.12369546878842763,0.6318239019241639,1.4783547115869309,Cloudy
2025-01-28,-1.1536322615921089,0.26962012720969464,0.34960217018807715,1.6731441854108895,Stormy
2025-01-29,1.6005022573523722,-1.2869095626171534,-1.6788665266650453,-0.6643295004766132,Cloudy
2025-01-30,0.8691784020394308,0.9506018665089406,0.3319633119545718,0.06613102636323136,Cloudy
2025-01-31,-0.1266668477484042,1.1938096305443857,0.22613016255353938,-0.2747505528286961,Partly Cloudy
2025-02-01,-1.612654681416189,-0.46000316489664034,-1.3966447949289587,0.16352576327521062,Overcast
2025-02-02,0.9391987711651377,-1.5301173266525983,0.5259907525231312,1.2348678693069826,Sunny
2025-02-03,1.1103596734724217,-1.7246835378809544,-0.5323407414871933,-0.5182373951086443,Stormy
2025-02-04,1.6160623393803066,-1.4814757738455093,0.5259907525231312,-1.0052110796685407,Clear
2025-02-05,-0.5234489394607447,0.4641863384380506,-1.4319225113959695,0.5044073424671381,Sunny
2025-02-06,-0.6479295956842239,-1.6760419850738653,0.27904673725405577,0.06613102636323136,Cloudy
2025-02-07,-0.38340820120933045,-0.5086447177037293,0.543629610756637,-0.7617242373885925,Rainy
2025-02-08,-0.7412900878518336,0.26962012720969464,1.2315450818633478,-1.0052110796685407,Sunny
2025-02-09,-0.2978277500556883,-1.1409849041958864,-0.056091569182547145,-0.07996107900473755,Cloudy
2025-02-10,-1.3870334920111327,0.26962012720969464,0.772934767792207,-1.0539084481245302,Stormy
2025-02-11,-1.3559133279552629,0.41554478563096164,0.7905736260257125,-1.638276869596406,Snowy
2025-02-12,0.6668973356762766,-1.0923433513887972,0.8964067754267452,-1.346092658860468,Snowy
2025-02-13,-0.7957503749496058,-0.6545693761249963,1.76071082886851,0.8939862901150551,Stormy
2025-02-14,0.6668973356762766,-0.5572862705108184,-0.49706302502018246,0.7478941847470862,Stormy
2025-02-15,-1.0602717694244994,-0.8491355873533524,0.014463863751474569,-0.5182373951086443,Stormy
2025-02-16,1.02477922231878,-0.41136161208955135,-1.3613670784619476,1.721841553866879,Snowy
2025-02-17,-0.2822676680277534,0.26962012720969464,1.1257119324623157,0.796591553203076,Sunny
2025-02-18,0.46461626931312283,0.7560356552805846,-1.46720022786298,1.1374731323950034,Snowy
2025-02-19,-0.0877666426785669,1.3883758417727416,-0.2501190097511066,-0.7617242373885925,Snowy
2025-02-20,-1.0680518104384669,1.4370173945798306,0.7376570513251964,-1.3947900273164577,Snowy
2025-02-21,-0.05664647862269718,0.6587525496664066,-0.6558127491217313,-0.5182373951086443,Snowy
2025-02-22,1.328200821863511,-1.3355511154242423,1.672516537700983,0.7478941847470862,Clear
2025-02-23,-0.18112713484617637,-0.8977771401604413,-0.3735910173856447,0.26092050018718993,Cloudy
2025-02-24,1.265960493751771,0.9992434193160297,0.4201576031220989,0.9426836585710449,Stormy
2025-02-25,1.2737405347657387,1.0478849721231187,-0.8851179061573016,-1.2973952904044785,Partly Cloudy
2025-02-26,-0.13444688876237176,-0.16815384805410635,-0.4088687338526554,-1.2973952904044785,Clear
2025-02-27,0.806938073927691,-0.11951229524701736,1.0375176412947882,0.40701260555515884,Clear
2025-02-28,-0.49232877540487474,0.4641863384380506,-1.3437282202284424,1.5270520800429206,Clear
2025-03-01,0.2545551619360012,1.2910927361585636,-1.290811645527926,-1.2000005534924991,Clear
2025-03-02,1.6938627495199814,-0.8491355873533524,-0.07373042741605249,0.26092050018718993,Cloudy
2025-03-03,1.2037201656400316,-1.1896264570029753,-0.5323407414871933,1.3809599746749517,Clear
2025-03-04,1.3437609038914455,-0.8977771401604413,-1.5906722354975182,-0.22605318437270647,Stormy
2025-03-05,0.5968769665505697,1.6802251586152757,-0.44414645031966626,-1.638276869596406,Sunny
2025-03-06,1.5771621343104694,-0.07087074243992836,-0.6205350326547203,-1.1513031850365096,Cloudy
2025-03-07,-0.7957503749496058,-1.3841926682313312,-1.46720022786298,-0.8591189743005717,Snowy
2025-03-08,0.24677512092203394,-0.5572862705108184,-0.1090081438830635,-0.1286584474607272,Snowy
2025-03-09,0.7524777868299188,0.41554478563096164,-1.6612276684315395,1.6244468169548998,Cloudy
2025-03-10,0.38681585917344824,1.5343005001940087,-1.6259499519645289,0.5531047109231277,Clear
2025-03-11,-0.96691127725689,-1.5787588794596874,0.7376570513251964,-0.17735581591671684,Clear
2025-03-12,-1.0447116873965645,1.3397342889656527,0.4201576031220989,0.4557099740111485,Rainy
2025-03-13,1.6938627495199814,1.0965265249302076,0.772934767792207,0.40701260555515884,Snowy
2025-03-14,0.7291376637880164,-0.21679540086119536,1.1609896489293263,-1.2486979219484888,Rainy
2025-03-15,0.9391987711651377,1.3883758417727416,1.4784890971324238,-0.6156321320206236,Sunny
2025-03-16,1.6316224214082418,-0.6545693761249963,-0.7263681820557529,1.57574944849891,Cloudy
2025-03-17,-0.8735507850892803,0.3182616800167836,-1.714144243132056,-1.4921847642284372,Overcast
2025-03-18,1.654962544450144,0.7073941024734957,0.8787679171932395,0.21222313173120028,Overcast
2025-03-19,0.4412761462712204,-0.11951229524701736,1.5490445300664453,0.5044073424671381,Stormy
2025-03-20,-1.2936729998435232,0.5614694440522287,-1.1497007796598828,-1.1513031850365096,Rainy
2025-03-21,0.3401356130896434,0.3669032328238726,0.4554353195891099,-1.5408821326844266,Cloudy
2025-03-22,-0.29004770904172084,-1.7246835378809544,-1.1673396378933882,0.7478941847470862,Snowy
2025-03-23,0.7758179098718213,0.9992434193160297,-0.09136928564955815,1.6244468169548998,Partly Cloudy
2025-03-24,0.42571606424328556,0.12369546878842763,1.6372388212339724,0.40701260555515884,Sunny
2025-03-25,1.5771621343104694,-1.3355511154242423,1.4608502388989182,-1.5408821326844266,Partly Cloudy
2025-03-26,-1.4414937791089049,1.6315836058081865,0.9846010665942723,1.1374731323950034,Stormy
2025-03-27,0.8925185250813331,0.026412363174249637,-0.49706302502018246,1.186170500850993,Snowy
2025-03-28,0.6591172946623094,0.8046772080876736,-0.32067444268512835,1.5270520800429206,Rainy
2025-03-29,1.3437609038914455,0.6101109968593176,1.5843222465334559,-0.32344792128468575,Sunny
2025-03-30,-0.40674832425123275,-1.6274004322667763,-0.8851179061573016,-1.6869742380523955,Stormy
2025-03-31,0.5813168845226347,0.7073941024734957,-1.2378950708274097,1.721841553866879,Overcast
2025-04-01,1.2893006167936738,-0.8977771401604413,-1.3437282202284424,-1.4921847642284372,Overcast
2025-04-02,-0.9591312362429224,0.6101109968593176,-1.3966447949289587,-1.1513031850365096,Partly Cloudy
2025-04-03,1.3048606988216083,0.22097857440260563,0.12029701315250697,-0.6156321320206236,Cloudy
2025-04-04,1.6471825034361764,0.26962012720969464,-1.3966447949289587,1.0887757639390137,Rainy
2025-04-05,-0.18112713484617637,-0.8977771401604413,0.9846010665942723,-1.1513031850365096,Rainy
2025-04-06,1.4060012320031856,-0.5086447177037293,0.5612684689901423,0.650499447835107,Overcast
2025-04-07,-0.18112713484617637,-0.16815384805410635,-0.44414645031966626,1.6244468169548998,Sunny
2025-04-08,-1.527074230262547,0.22097857440260563,-0.9027567643908071,0.796591553203076,Sunny
2025-04-09,-1.2314326717317834,-1.4328342210384204,0.03210272198497992,1.721841553866879,Stormy
2025-04-10,0.2623352029499688,1.2424511833514746,-0.8851179061573016,-0.5669347635646339,Cloudy
2025-04-11,0.7135775817600816,1.6802251586152757,1.1257119324623157,-0.7617242373885925,Overcast
2025-04-12,0.8147181149416586,0.5614694440522287,-0.2853967262181176,1.186170500850993,Stormy
2025-04-13,0.34791565410361097,-1.2869095626171534,0.8082124842592181,-1.5408821326844266,Partly Cloudy
2025-04-14,1.6705226264780793,0.9506018665089406,-0.3559521591521392,1.1374731323950034,Clear
2025-04-15,1.3982211909892182,-0.7518524817391744,-0.0031749944820310943,-0.2747505528286961,Stormy
2025-04-16,-1.2158725897038487,0.8533187608947627,0.5612684689901423,-0.9078163427565614,Rainy
2025-04-17,-1.340353245927328,0.3182616800167836,0.27904673725405577,1.2835652377629723,Partly Cloudy
2025-04-18,-0.6479295956842239,0.8046772080876736,-0.32067444268512835,0.06613102636323136,Sunny
2025-04-19,-0.4689886523629725,-0.5086447177037293,1.6195999630004667,1.0887757639390137,Partly Cloudy
2025-04-20,-0.3211678730975907,0.4641863384380506,0.9846010665942723,1.1374731323950034,Rainy
2025-04-21,-0.5934693085864517,-0.41136161208955135,1.2139062236298428,0.7478941847470862,Partly Cloudy
2025-04-22,-1.0291516053686296,-0.26543695366828435,0.12029701315250697,0.6991968162910966,Partly Cloudy
2025-04-23,-0.6012493496004192,-0.46000316489664034,-0.7969236149897745,1.2348678693069826,Stormy
2025-04-24,0.42571606424328556,1.4856589473869195,0.9140456336602505,-0.7617242373885925,Snowy
2025-04-25,1.3515409449054132,0.6587525496664066,-1.2026173543603988,0.26092050018718993,Overcast
2025-04-26,0.16897471078235932,0.41554478563096164,1.2315450818633478,0.5531047109231277,Stormy
2025-04-27,-1.3014530408574907,-1.2382680098100642,-1.2378950708274097,1.0887757639390137,Cloudy
2025-04-28,1.4915816831568272,0.5614694440522287,-1.5377556607970018,1.57574944849891,Snowy
2025-04-29,0.9547588531930726,0.41554478563096164,-0.1795635768170852,-0.7130268689326028,Stormy
2025-04-30,0.17675475179632663,-0.36272005928246237,0.772934767792207,1.6731441854108895,Partly Cloudy
2025-05-01,0.4412761462712204,-1.5787588794596874,-1.3613670784619476,1.1374731323950034,Clear
2025-05-02,1.3437609038914455,0.9992434193160297,-0.09136928564955815,-1.4921847642284372,Sunny
2025-05-03,1.0636794273886172,1.0965265249302076,0.47307417782261524,-0.7130268689326028,Cloudy
2025-05-04,0.6591172946623094,-0.8004940345462633,-1.0085899137918395,-0.5669347635646339,Clear
2025-05-05,-0.6323695136562891,-1.6760419850738653,-1.1320619214263774,-0.22605318437270647,Sunny
2025-05-06,0.908078607109268,0.026412363174249637,-0.7969236149897745,-1.2486979219484888,Overcast
2025-05-07,0.46461626931312283,1.6802251586152757,-0.7616458985227637,0.114828394819221,Snowy
2025-05-08,-1.4881740251927096,1.4370173945798306,-0.46178530855317174,0.7478941847470862,Overcast
2025-05-09,-1.7060151735837987,-0.9464186929675303,1.2139062236298428,0.9913810270270345,Rainy
2025-05-10,-0.6090293906143867,-0.5086447177037293,1.654877679467478,1.332262606218962,Rainy
2025-05-11,1.0792395094165521,-1.0437017985817083,1.3197393730308749,-1.2486979219484888,Stormy
2025-05-12,-1.5037341072206445,1.4370173945798306,1.3373782312643805,-1.2486979219484888,Rainy
2025-05-13,0.5035164743829602,-0.8004940345462633,-0.81456247322328,-0.420842658196665,Snowy
2025-05-14,0.20787491585219664,-0.6545693761249963,1.654877679467478,1.57574944849891,Cloudy
2025-05-15,-0.041086396594762035,-1.1409849041958864,-1.46720022786298,0.8939862901150551,Snowy
2025-05-16,-0.8035304159635732,-1.2869095626171534,-1.290811645527926,1.0887757639390137,Partly Cloudy
2025-05-17,0.9547588531930726,1.0478849721231187,1.2491839400968534,1.0400783954830242,Snowy
2025-05-18,0.8458382789975283,-1.5787588794596874,1.3021005147973699,0.5044073424671381,Partly Cloudy
2025-05-19,1.0403393043467148,-1.0437017985817083,1.3550170894978855,1.0400783954830242,Sunny
2025-05-20,-1.3092330818714581,1.5343005001940087,-0.7263681820557529,-0.2747505528286961,Partly Cloudy
2025-05-21,-0.3445079961394931,0.026412363174249637,0.6671016183911747,-0.17735581591671684,Clear
2025-05-22,-0.0021861915249247366,-0.9950602457746194,0.5789073272236476,0.40701260555515884,Overcast
2025-05-23,1.1803800425981288,-0.5572862705108184,-1.379005936695453,-1.346092658860468,Stormy
2025-05-24,0.876958443053398,-1.5301173266525983,0.06738043845199061,-0.8104216058445821,Clear
2025-05-25,-1.7215752556117334,1.6802251586152757,1.372655947731391,1.332262606218962,Sunny
2025-05-26,0.9858790172489427,0.4641863384380506,0.34960217018807715,0.7478941847470862,Clear
2025-05-27,-0.11888680673443663,-1.3841926682313312,0.720018193091691,-1.5408821326844266,Clear
2025-05-28,1.6238423803942743,-0.8004940345462633,-0.1442858603500742,-0.9078163427565614,Stormy
2025-05-29,0.1845347928102942,-1.4328342210384204,-0.12664700211656885,-1.5895795011404164,Stormy
2025-05-30,-1.0058114823267272,-0.16815384805410635,1.372655947731391,-1.10260581658052,Sunny
2025-05-31,0.6980174997321467,1.1451680777372966,-1.6083110937310234,-1.2973952904044785,Snowy
2025-06-01,1.1648199605701943,-0.5086447177037293,-1.3613670784619476,-1.0539084481245302,Stormy
2025-06-02,1.265960493751771,0.5614694440522287,0.8434902007262288,-1.2486979219484888,Snowy
2025-06-03,-0.951351195228955,-0.7032109289320854,0.17321358785302302,0.6018020793791173,Cloudy
2025-06-04,-1.3559133279552629,-0.022229189632839364,0.8434902007262288,-0.8591189743005717,Stormy
2025-06-05,1.3982211909892182,1.6802251586152757,0.10265815491900163,0.3583152370991692,Cloudy
2025-06-06,0.10673438267061959,-1.5301173266525983,-0.81456247322328,1.3809599746749517,Stormy
2025-06-07,1.584942175324437,-1.4814757738455093,-0.81456247322328,-1.638276869596406,Snowy
2025-06-08,-0.6634896777121589,-0.8004940345462633,1.3021005147973699,0.06613102636323136,Partly Cloudy
2025-06-09,-0.8424306210334105,0.5614694440522287,-0.9027567643908071,-0.8591189743005717,Stormy
2025-06-10,0.40237594120138315,-0.07087074243992836,-0.3383133009186338,-1.2973952904044785,Rainy
2025-06-11,0.7446977458159513,-1.6760419850738653,-0.6205350326547203,-0.6156321320206236,Clear
2025-06-12,1.538261929240632,-0.8004940345462633,0.3672410284215828,1.6731441854108895,Sunny
2025-06-13,0.8302781969695934,0.17233702159551664,-0.9556733390913232,-0.22605318437270647,Partly Cloudy
2025-06-14,-0.9435711542149875,-1.6274004322667763,-0.2501190097511066,-1.3947900273164577,Clear
2025-06-15,-0.6090293906143867,-0.41136161208955135,-1.1497007796598828,1.1374731323950034,Rainy
2025-06-16,-0.26670758599981853,0.7560356552805846,-0.7263681820557529,-0.6156321320206236,Sunny
2025-06-17,1.4371213960590554,-0.8977771401604413,-1.1497007796598828,-0.8591189743005717,Rainy
2025-06-18,0.7835979508857885,-1.2869095626171534,0.08501929668549596,0.7478941847470862,Clear
2025-06-19,-0.577909226558517,-0.6545693761249963,-0.2501190097511066,0.8452889216590656,Sunny
2025-06-20,-0.7335100468378661,1.0965265249302076,-1.2555339290609153,0.8939862901150551,Sunny
2025-06-21,-0.850210662047378,-1.6274004322667763,-0.2501190097511066,0.9913810270270345,Clear
2025-06-22,1.3826611089612828,-0.6545693761249963,1.2491839400968534,0.6991968162910966,Sunny
2025-06-23,-1.4025935740390676,0.26962012720969464,0.596546185457153,-0.07996107900473755,Overcast
2025-06-24,0.2545551619360012,-0.5572862705108184,-0.03845271094904179,0.6991968162910966,Sunny
2025-06-25,1.5927222163384045,0.6587525496664066,0.4025187448885935,-1.1513031850365096,Cloudy
2025-06-26,0.6279971306064394,0.41554478563096164,-0.26775786798461226,1.0887757639390137,Snowy
2025-06-27,-0.46120861134900504,0.22097857440260563,0.03210272198497992,1.6731441854108895,Clear
2025-06-28,-0.0877666426785669,-1.6274004322667763,0.19085244608652868,1.2835652377629723,Partly Cloudy
2025-06-29,-0.6634896777121589,0.6587525496664066,1.3902948059648967,-0.1286584474607272,Sunny
2025-06-30,-1.6204347224301565,1.3883758417727416,-1.0615064884923557,-1.6869742380523955,Sunny
2025-07-01,1.312640739835576,0.41554478563096164,-0.23248015151760126,1.2348678693069826,Cloudy
2025-07-02,0.20787491585219664,-0.11951229524701736,1.5314056718329396,-0.5182373951086443,Partly Cloudy
2025-07-03,-0.5701291855445494,-0.022229189632839364,-0.9556733390913232,-0.9078163427565614,Stormy
2025-07-04,-0.2822676680277534,1.2424511833514746,0.7905736260257125,-1.4434873957724474,Overcast
2025-07-05,1.4760216011288927,-0.31407850647537333,0.8434902007262288,0.8939862901150551,Rainy
2025-07-06,-0.5001088164188423,-0.9950602457746194,0.13793587138601232,1.57574944849891,Stormy
2025-07-07,1.211500206653999,-1.2869095626171534,0.4377964613556042,0.06613102636323136,Stormy
2025-07-08,-0.38340820120933045,-1.4814757738455093,0.6847404766246801,0.21222313173120028,Cloudy
2025-07-09,-1.4803939841787421,0.9019603137018516,0.5259907525231312,-0.031263710548747915,Stormy
2025-07-10,0.6124370485785045,1.5829420530010976,-1.290811645527926,0.7478941847470862,Stormy
2025-07-11,-0.7568501698797684,0.9992434193160297,0.9493233501272612,-0.07996107900473755,Cloudy
2025-07-12,-1.698235132569831,1.5829420530010976,-1.2731727872944207,1.0887757639390137,Cloudy
2025-07-13,-1.138072179564174,1.3883758417727416,1.2315450818633478,0.796591553203076,Sunny
2025-07-14,-0.33672795512552556,1.0965265249302076,1.2668227983303584,-0.22605318437270647,Stormy
2025-07-15,-0.21224729890204624,1.2424511833514746,-0.9027567643908071,0.01743365790724172,Cloudy
2025-07-16,1.2581804527378035,0.6101109968593176,0.049741580218485265,-0.32344792128468575,Cloudy
2025-07-17,1.3982211909892182,1.6315836058081865,-0.5852573161877095,-0.8591189743005717,Overcast
2025-07-18,-0.9746913182708573,0.9019603137018516,-1.0085899137918395,0.21222313173120028,Clear
2025-07-19,-0.36006807816742803,1.4856589473869195,1.2315450818633478,0.8939862901150551,Overcast
2025-07-20,0.05227409557284743,-1.1896264570029753,-1.5730333772640126,-0.956513711212551,Stormy
2025-07-21,-1.5815345173603192,-1.1409849041958864,0.5083518942896259,-0.8104216058445821,Snowy
2025-07-22,-1.4959540662066773,-1.7246835378809544,-0.19720243505059057,0.30961786864317953,Clear
2025-07-23,-0.09554668369253448,-1.0437017985817083,1.1609896489293263,1.186170500850993,Stormy
2025-07-24,-0.9591312362429224,0.7073941024734957,-1.46720022786298,-0.17735581591671684,Snowy
2025-07-25,0.9858790172489427,0.5128278912451396,0.8787679171932395,1.6731441854108895,Cloudy
2025-07-26,-0.8579907030613455,-1.0923433513887972,-1.2378950708274097,1.6244468169548998,Partly Cloudy
2025-07-27,0.43349610525725285,0.6587525496664066,-0.6910904655887421,0.21222313173120028,Sunny
2025-07-28,0.19231483382426176,-1.6274004322667763,-0.5499795997206988,0.21222313173120028,Overcast
2025-07-29,0.417936023229318,-1.4814757738455093,0.13793587138601232,1.2835652377629723,Cloudy
2025-07-30,0.6746773766902442,1.1451680777372966,1.7783496871020157,-1.346092658860468,Snowy
2025-07-31,-1.3325732049133605,-0.6545693761249963,1.3021005147973699,0.21222313173120028,Sunny
2025-08-01,-1.0680518104384669,1.6802251586152757,-0.1442858603500742,-0.5669347635646339,Sunny
2025-08-02,-0.43008844729313517,-0.8491355873533524,-0.4794241667866771,-0.3721452897406754,Clear
2025-08-03,0.6902374587181791,-0.26543695366828435,-1.3437282202284424,1.2835652377629723,Stormy
2025-08-04,0.7369177048019839,-0.7032109289320854,0.5259907525231312,-1.4434873957724474,Cloudy
2025-08-05,1.3593209859193807,1.2910927361585636,-0.03845271094904179,-0.46954002665265465,Overcast
2025-08-06,-1.2858929588295556,1.4856589473869195,-0.602896174421215,1.4783547115869309,Stormy
2025-08-07,-1.1147320565222716,1.5829420530010976,-1.2026173543603988,1.2348678693069826,Overcast
2025-08-08,-0.39118824222329784,-0.6545693761249963,0.27904673725405577,0.9913810270270345,Clear
2025-08-09,0.2934553670058385,-0.5086447177037293,0.26140787902055007,0.8939862901150551,Stormy
2025-08-10,-0.7646302108937358,-0.07087074243992836,-1.0791453467258612,0.114828394819221,Stormy
2025-08-11,1.0481193453606823,1.5343005001940087,0.27904673725405577,1.6731441854108895,Cloudy
2025-08-12,-0.8657707440753128,-0.16815384805410635,0.49071303605612054,1.4783547115869309,Sunny
2025-08-13,-1.0213715643546621,-0.6545693761249963,1.7959885453355209,-0.6156321320206236,Clear
2025-08-14,0.9236386891372029,-0.9950602457746194,-0.81456247322328,0.16352576327521062,Sunny
2025-08-15,-0.3678481191813954,0.9019603137018516,1.7077942541679938,-1.346092658860468,Sunny
2025-08-16,-0.18112713484617637,-0.6059278233179074,0.8082124842592181,-0.6643295004766132,Clear
2025-08-17,0.23899507990806634,0.3669032328238726,0.6318239019241639,-1.2486979219484888,Cloudy
2025-08-18,-0.40674832425123275,0.12369546878842763,-0.8674790479237962,1.1374731323950034,Cloudy
2025-08-19,1.1336997965143245,-1.0437017985817083,-0.8322013314567853,-1.1513031850365096,Rainy
2025-08-20,0.8224981559556258,-1.3355511154242423,-0.303035584451623,0.30961786864317953,Clear
2025-08-21,-1.5893145583742867,1.5829420530010976,1.7959885453355209,0.6991968162910966,Overcast
2025-08-22,0.908078607109268,-1.7246835378809544,0.596546185457153,-1.638276869596406,Snowy
2025-08-23,1.1803800425981288,-1.5787588794596874,1.2668227983303584,1.4783547115869309,Sunny
2025-08-24,0.6980174997321467,1.0478849721231187,-1.714144243132056,1.6731441854108895,Sunny
2025-08-25,-1.612654681416189,0.5614694440522287,-0.4265075920861609,0.16352576327521062,Cloudy
2025-08-26,1.2737405347657387,-0.26543695366828435,-1.3260893619949368,-1.1513031850365096,Snowy
2025-08-27,0.519076556410895,1.1938096305443857,-1.5906722354975182,-1.10260581658052,Clear
2025-08-28,1.1726000015841618,-1.0923433513887972,0.03210272198497992,-1.0052110796685407,Clear
2025-08-29,0.978098976234975,1.2910927361585636,-1.46720022786298,0.5044073424671381,Clear
2025-08-30,0.2701152439639364,-1.1409849041958864,-0.6910904655887421,1.3809599746749517,Stormy
2025-08-31,-0.03330635558079474,-0.9950602457746194,-0.303035584451623,-1.6869742380523955,Overcast
2025-09-01,-0.9280110721870526,1.1938096305443857,-0.8322013314567853,1.3809599746749517,Snowy
2025-09-02,-1.3481332869412954,0.41554478563096164,0.06738043845199061,-1.0539084481245302,Partly Cloudy
2025-09-03,-0.8657707440753128,-0.11951229524701736,-0.5147018832536879,-1.0539084481245302,Overcast
2025-09-04,0.6591172946623094,1.2910927361585636,1.0551564995282936,-0.17735581591671684,Clear
2025-09-05,-1.7215752556117334,0.4641863384380506,-0.16192471858357954,-1.10260581658052,Partly Cloudy
2025-09-06,0.3012354080198061,0.6101109968593176,-0.8322013314567853,1.0887757639390137,Snowy
2025-09-07,0.9391987711651377,0.026412363174249637,-0.6558127491217313,-0.3721452897406754,Cloudy
2025-09-08,-1.036931646382597,1.6315836058081865,-0.7616458985227637,0.8939862901150551,Snowy
2025-09-09,-1.4648339021508072,-1.1896264570029753,0.06738043845199061,-0.22605318437270647,Clear
2025-09-10,-1.0680518104384669,-0.31407850647537333,0.5789073272236476,0.3583152370991692,Cloudy
2025-09-11,-0.7335100468378661,-0.6545693761249963,1.2139062236298428,-1.0052110796685407,Clear
2025-09-12,-0.8813308261032478,-0.8491355873533524,0.27904673725405577,-0.8591189743005717,Clear
2025-09-13,0.7135775817600816,-0.46000316489664034,0.049741580218485265,-1.4434873957724474,Snowy
2025-09-14,0.05227409557284743,-1.2382680098100642,1.4784890971324238,-0.8104216058445821,Snowy
2025-09-15,1.4838016421428601,-0.26543695366828435,-0.303035584451623,-0.9078163427565614,Stormy
2025-09-16,-0.6790497597400939,-1.4814757738455093,-0.6381738908882258,0.114828394819221,Overcast
2025-09-17,-0.04886643760872961,1.2424511833514746,-0.26775786798461226,-0.17735581591671684,Sunny
2025-09-18,-0.38340820120933045,1.1451680777372966,1.3550170894978855,-1.4434873957724474,Partly Cloudy
2025-09-19,1.6238423803942743,-1.4814757738455093,-1.1673396378933882,0.8452889216590656,Snowy
2025-09-20,1.265960493751771,0.026412363174249637,1.0551564995282936,0.21222313173120028,Rainy
2025-09-21,0.021153931516977423,-1.1409849041958864,-1.4319225113959695,0.06613102636323136,Partly Cloudy
2025-09-22,0.9236386891372029,0.7073941024734957,0.720018193091691,-1.0052110796685407,Cloudy
2025-09-23,-1.744915378653636,1.2910927361585636,-1.1320619214263774,-0.7617242373885925,Overcast
2025-09-24,0.43349610525725285,0.12369546878842763,0.5259907525231312,0.16352576327521062,Clear
2025-09-25,0.005593849489042558,-0.5086447177037293,-0.6205350326547203,0.40701260555515884,Overcast
2025-09-26,1.3437609038914455,-0.6545693761249963,1.0551564995282936,0.4557099740111485,Rainy
